row_idx,col_idx,log2ratio
1,1,-3
1,2,8
1,3,5
1,4,6
1,5,-6
1,6,6
1,7,2
1,8,-6
1,9,6
1,10,8
1,11,7
1,12,0
1,13,1
1,14,-4
1,15,5
1,16,-4
1,17,7
1,18,4
1,19,-9
1,20,4
1,21,8
1,22,4
1,23,8
1,24,6
1,25,-3
1,26,0
1,27,0
1,28,-6
1,29,6
1,30,5
1,31,6
1,32,7
1,33,-4
1,34,-2
1,35,6
1,36,7
1,37,-6
1,38,-2
1,39,-2
1,40,-7
1,41,4
1,42,1
1,43,0
1,44,-2
1,45,-8
1,46,7
1,47,-2
1,48,-1
1,49,-1
1,50,5
1,51,0
1,52,-2
1,53,-2
1,54,4
1,55,-1
1,56,7
1,57,6
1,58,8
1,59,7
1,60,7
1,61,7
1,62,-3
1,63,2
1,64,5
1,65,6
1,66,-2
1,67,-7
1,68,-3
1,69,-8
1,70,3
1,71,7
1,72,-8
1,73,-8
1,74,-8
1,75,-8
2,1,0
2,2,4
2,3,0
2,4,1
2,5,-2
2,6,1
2,7,-1
2,8,-1
2,9,2
2,10,4
2,11,4
2,12,-1
2,13,-2
2,14,1
2,15,3
2,16,1
2,17,2
2,18,1
2,19,-4
2,20,3
2,21,3
2,22,-1
2,23,4
2,24,4
2,25,-1
2,26,1
2,27,1
2,28,-2
2,29,2
2,30,4
2,31,4
2,32,3
2,33,-2
2,34,-1
2,35,1
2,36,4
2,37,-2
2,38,1
2,39,-2
2,40,-5
2,41,0
2,42,3
2,43,0
2,44,2
2,45,-3
2,46,2
2,47,2
2,48,-1
2,49,-2
2,50,4
2,51,-1
2,52,-3
2,53,-3
2,54,4
2,55,-1
2,56,2
2,57,1
2,58,2
2,59,1
2,60,1
2,61,2
2,62,1
2,63,2
2,64,1
2,65,0
2,66,0
2,67,-2
2,68,1
2,69,-3
2,70,1
2,71,1
2,72,-2
2,73,-2
2,74,-2
2,75,-3
3,1,-1
3,2,6
3,3,2
3,4,4
3,5,-4
3,6,5
3,7,1
3,8,-5
3,9,5
3,10,7
3,11,6
3,12,-1
3,13,1
3,14,-3
3,15,5
3,16,-4
3,17,6
3,18,2
3,19,-7
3,20,3
3,21,6
3,22,2
3,23,6
3,24,6
3,25,-4
3,26,0
3,27,1
3,28,-4
3,29,4
3,30,6
3,31,5
3,32,6
3,33,-2
3,34,0
3,35,4
3,36,6
3,37,-4
3,38,-1
3,39,-2
3,40,-5
3,41,2
3,42,2
3,43,0
3,44,0
3,45,-6
3,46,5
3,47,-2
3,48,-1
3,49,0
3,50,3
3,51,0
3,52,-4
3,53,-1
3,54,3
3,55,-1
3,56,6
3,57,5
3,58,7
3,59,6
3,60,6
3,61,6
3,62,-1
3,63,1
3,64,4
3,65,5
3,66,-1
3,67,-6
3,68,-2
3,69,-6
3,70,3
3,71,5
3,72,-6
3,73,-6
3,74,-6
3,75,-6
4,1,-3
4,2,8
4,3,5
4,4,5
4,5,-6
4,6,6
4,7,2
4,8,-7
4,9,7
4,10,8
4,11,7
4,12,1
4,13,1
4,14,-4
4,15,5
4,16,-4
4,17,7
4,18,3
4,19,-9
4,20,3
4,21,8
4,22,4
4,23,8
4,24,6
4,25,-3
4,26,0
4,27,0
4,28,-6
4,29,6
4,30,5
4,31,6
4,32,6
4,33,-4
4,34,-3
4,35,6
4,36,7
4,37,-6
4,38,-3
4,39,-2
4,40,-7
4,41,4
4,42,1
4,43,0
4,44,-2
4,45,-8
4,46,7
4,47,-2
4,48,-1
4,49,-1
4,50,6
4,51,0
4,52,-2
4,53,-2
4,54,3
4,55,-1
4,56,7
4,57,6
4,58,8
4,59,7
4,60,7
4,61,7
4,62,-3
4,63,2
4,64,5
4,65,6
4,66,-2
4,67,-7
4,68,-4
4,69,-8
4,70,3
4,71,7
4,72,-8
4,73,-7
4,74,-8
4,75,-8
5,1,-3
5,2,8
5,3,6
5,4,6
5,5,-6
5,6,6
5,7,2
5,8,-7
5,9,7
5,10,8
5,11,7
5,12,2
5,13,2
5,14,-5
5,15,5
5,16,-4
5,17,7
5,18,4
5,19,-9
5,20,4
5,21,8
5,22,4
5,23,8
5,24,7
5,25,-2
5,26,-1
5,27,1
5,28,-7
5,29,6
5,30,6
5,31,6
5,32,7
5,33,-4
5,34,-3
5,35,6
5,36,8
5,37,-7
5,38,-4
5,39,-2
5,40,-8
5,41,5
5,42,1
5,43,0
5,44,-2
5,45,-8
5,46,6
5,47,-3
5,48,-1
5,49,-1
5,50,7
5,51,0
5,52,-1
5,53,-2
5,54,4
5,55,-1
5,56,7
5,57,6
5,58,8
5,59,7
5,60,7
5,61,7
5,62,-4
5,63,3
5,64,5
5,65,6
5,66,-2
5,67,-7
5,68,-5
5,69,-8
5,70,3
5,71,7
5,72,-8
5,73,-8
5,74,-8
5,75,-9
6,1,-3
6,2,8
6,3,6
6,4,6
6,5,-6
6,6,7
6,7,2
6,8,-7
6,9,7
6,10,8
6,11,8
6,12,1
6,13,2
6,14,-5
6,15,5
6,16,-4
6,17,8
6,18,4
6,19,-9
6,20,4
6,21,8
6,22,5
6,23,8
6,24,7
6,25,-2
6,26,-1
6,27,0
6,28,-7
6,29,7
6,30,6
6,31,6
6,32,7
6,33,-4
6,34,-3
6,35,6
6,36,8
6,37,-7
6,38,-3
6,39,-2
6,40,-7
6,41,5
6,42,1
6,43,0
6,44,-2
6,45,-8
6,46,7
6,47,-3
6,48,-1
6,49,-1
6,50,6
6,51,0
6,52,-1
6,53,-2
6,54,4
6,55,-1
6,56,7
6,57,6
6,58,8
6,59,7
6,60,7
6,61,8
6,62,-4
6,63,2
6,64,5
6,65,6
6,66,-2
6,67,-7
6,68,-4
6,69,-8
6,70,3
6,71,7
6,72,-8
6,73,-8
6,74,-9
6,75,-9
7,1,-3
7,2,8
7,3,5
7,4,6
7,5,-5
7,6,6
7,7,2
7,8,-7
7,9,6
7,10,8
7,11,7
7,12,0
7,13,0
7,14,-5
7,15,6
7,16,-4
7,17,7
7,18,4
7,19,-9
7,20,3
7,21,8
7,22,5
7,23,8
7,24,6
7,25,-2
7,26,0
7,27,0
7,28,-6
7,29,6
7,30,5
7,31,6
7,32,6
7,33,-5
7,34,-3
7,35,6
7,36,8
7,37,-7
7,38,-3
7,39,-2
7,40,-7
7,41,5
7,42,1
7,43,0
7,44,-2
7,45,-8
7,46,7
7,47,-1
7,48,-1
7,49,-1
7,50,6
7,51,0
7,52,-1
7,53,-3
7,54,3
7,55,-1
7,56,7
7,57,5
7,58,8
7,59,6
7,60,7
7,61,7
7,62,-4
7,63,1
7,64,4
7,65,6
7,66,-2
7,67,-7
7,68,-4
7,69,-8
7,70,4
7,71,7
7,72,-8
7,73,-7
7,74,-8
7,75,-8
8,1,-4
8,2,8
8,3,5
8,4,6
8,5,-6
8,6,6
8,7,2
8,8,-7
8,9,7
8,10,8
8,11,7
8,12,0
8,13,1
8,14,-5
8,15,5
8,16,-5
8,17,8
8,18,4
8,19,-9
8,20,4
8,21,8
8,22,4
8,23,8
8,24,6
8,25,-3
8,26,-1
8,27,0
8,28,-6
8,29,6
8,30,5
8,31,6
8,32,7
8,33,-4
8,34,-3
8,35,6
8,36,7
8,37,-6
8,38,-3
8,39,-1
8,40,-7
8,41,4
8,42,1
8,43,0
8,44,-3
8,45,-8
8,46,7
8,47,-2
8,48,0
8,49,-1
8,50,5
8,51,0
8,52,-2
8,53,-2
8,54,3
8,55,-1
8,56,7
8,57,6
8,58,8
8,59,7
8,60,7
8,61,8
8,62,-3
8,63,2
8,64,5
8,65,6
8,66,-2
8,67,-7
8,68,-4
8,69,-8
8,70,3
8,71,7
8,72,-8
8,73,-8
8,74,-9
8,75,-8
9,1,-3
9,2,8
9,3,4
9,4,6
9,5,-6
9,6,6
9,7,2
9,8,-6
9,9,6
9,10,8
9,11,7
9,12,0
9,13,1
9,14,-4
9,15,5
9,16,-4
9,17,7
9,18,3
9,19,-8
9,20,3
9,21,7
9,22,4
9,23,7
9,24,4
9,25,-4
9,26,-1
9,27,-1
9,28,-5
9,29,5
9,30,4
9,31,6
9,32,6
9,33,-3
9,34,-2
9,35,5
9,36,6
9,37,-6
9,38,-2
9,39,-1
9,40,-6
9,41,4
9,42,1
9,43,0
9,44,-3
9,45,-7
9,46,6
9,47,-2
9,48,0
9,49,-1
9,50,4
9,51,-1
9,52,-3
9,53,-3
9,54,3
9,55,-1
9,56,7
9,57,6
9,58,8
9,59,7
9,60,7
9,61,7
9,62,-3
9,63,1
9,64,4
9,65,6
9,66,-3
9,67,-7
9,68,-4
9,69,-8
9,70,3
9,71,6
9,72,-8
9,73,-8
9,74,-8
9,75,-8
10,1,-2
10,2,6
10,3,3
10,4,5
10,5,-5
10,6,5
10,7,1
10,8,-5
10,9,4
10,10,6
10,11,5
10,12,0
10,13,1
10,14,-4
10,15,4
10,16,-4
10,17,6
10,18,3
10,19,-7
10,20,3
10,21,5
10,22,3
10,23,5
10,24,3
10,25,-5
10,26,-1
10,27,0
10,28,-4
10,29,4
10,30,4
10,31,4
10,32,6
10,33,-3
10,34,-1
10,35,4
10,36,5
10,37,-4
10,38,-1
10,39,0
10,40,-4
10,41,3
10,42,1
10,43,0
10,44,-3
10,45,-6
10,46,5
10,47,-2
10,48,0
10,49,-1
10,50,1
10,51,0
10,52,-4
10,53,-2
10,54,2
10,55,0
10,56,5
10,57,5
10,58,6
10,59,5
10,60,5
10,61,5
10,62,-3
10,63,0
10,64,4
10,65,5
10,66,-1
10,67,-5
10,68,-2
10,69,-6
10,70,3
10,71,5
10,72,-6
10,73,-6
10,74,-7
10,75,-5
11,1,-5
11,2,8
11,3,7
11,4,6
11,5,-6
11,6,7
11,7,2
11,8,-8
11,9,8
11,10,8
11,11,7
11,12,1
11,13,2
11,14,-7
11,15,5
11,16,-5
11,17,8
11,18,5
11,19,-10
11,20,3
11,21,9
11,22,6
11,23,9
11,24,6
11,25,-1
11,26,0
11,27,0
11,28,-8
11,29,7
11,30,5
11,31,6
11,32,7
11,33,-5
11,34,-4
11,35,8
11,36,9
11,37,-8
11,38,-4
11,39,-2
11,40,-8
11,41,7
11,42,-1
11,43,-1
11,44,-4
11,45,-9
11,46,8
11,47,-3
11,48,-1
11,49,-1
11,50,7
11,51,0
11,52,1
11,53,-3
11,54,3
11,55,-1
11,56,8
11,57,6
11,58,9
11,59,8
11,60,8
11,61,8
11,62,-5
11,63,2
11,64,6
11,65,7
11,66,-3
11,67,-7
11,68,-6
11,69,-9
11,70,4
11,71,8
11,72,-9
11,73,-9
11,74,-10
11,75,-9
12,1,-4
12,2,7
12,3,6
12,4,6
12,5,-7
12,6,7
12,7,2
12,8,-7
12,9,7
12,10,8
12,11,6
12,12,1
12,13,3
12,14,-5
12,15,5
12,16,-4
12,17,7
12,18,3
12,19,-9
12,20,4
12,21,7
12,22,4
12,23,8
12,24,6
12,25,-3
12,26,0
12,27,0
12,28,-6
12,29,5
12,30,5
12,31,6
12,32,7
12,33,-2
12,34,-1
12,35,5
12,36,7
12,37,-6
12,38,-4
12,39,-1
12,40,-6
12,41,4
12,42,-1
12,43,-1
12,44,-3
12,45,-7
12,46,6
12,47,-4
12,48,-1
12,49,-1
12,50,5
12,51,0
12,52,-2
12,53,-2
12,54,3
12,55,-1
12,56,8
12,57,8
12,58,9
12,59,8
12,60,8
12,61,8
12,62,-3
12,63,2
12,64,5
12,65,7
12,66,-3
12,67,-7
12,68,-5
12,69,-8
12,70,3
12,71,7
12,72,-9
12,73,-9
12,74,-9
12,75,-9
13,1,-5
13,2,8
13,3,7
13,4,6
13,5,-6
13,6,7
13,7,2
13,8,-9
13,9,8
13,10,8
13,11,7
13,12,1
13,13,2
13,14,-7
13,15,5
13,16,-5
13,17,8
13,18,5
13,19,-10
13,20,3
13,21,9
13,22,6
13,23,9
13,24,7
13,25,0
13,26,-1
13,27,0
13,28,-8
13,29,8
13,30,5
13,31,6
13,32,7
13,33,-5
13,34,-4
13,35,8
13,36,9
13,37,-8
13,38,-4
13,39,-2
13,40,-8
13,41,7
13,42,-1
13,43,-1
13,44,-4
13,45,-9
13,46,8
13,47,-3
13,48,-1
13,49,-1
13,50,7
13,51,0
13,52,2
13,53,-3
13,54,3
13,55,-1
13,56,8
13,57,6
13,58,9
13,59,8
13,60,8
13,61,8
13,62,-5
13,63,2
13,64,6
13,65,7
13,66,-3
13,67,-8
13,68,-6
13,69,-9
13,70,4
13,71,8
13,72,-9
13,73,-9
13,74,-10
13,75,-9
14,1,-5
14,2,9
14,3,7
14,4,5
14,5,-6
14,6,7
14,7,2
14,8,-9
14,9,8
14,10,8
14,11,7
14,12,2
14,13,1
14,14,-8
14,15,5
14,16,-5
14,17,8
14,18,6
14,19,-10
14,20,2
14,21,9
14,22,7
14,23,8
14,24,6
14,25,1
14,26,-1
14,27,0
14,28,-9
14,29,8
14,30,4
14,31,5
14,32,7
14,33,-7
14,34,-6
14,35,9
14,36,9
14,37,-9
14,38,-5
14,39,-3
14,40,-8
14,41,8
14,42,0
14,43,-1
14,44,-4
14,45,-9
14,46,8
14,47,-2
14,48,-1
14,49,0
14,50,7
14,51,0
14,52,2
14,53,-3
14,54,2
14,55,-1
14,56,7
14,57,5
14,58,8
14,59,7
14,60,7
14,61,8
14,62,-6
14,63,1
14,64,5
14,65,6
14,66,-2
14,67,-7
14,68,-6
14,69,-9
14,70,5
14,71,9
14,72,-8
14,73,-8
14,74,-9
14,75,-9
15,1,-5
15,2,9
15,3,7
15,4,6
15,5,-6
15,6,7
15,7,2
15,8,-9
15,9,8
15,10,8
15,11,7
15,12,2
15,13,1
15,14,-7
15,15,5
15,16,-5
15,17,8
15,18,6
15,19,-10
15,20,2
15,21,9
15,22,7
15,23,9
15,24,6
15,25,1
15,26,-1
15,27,0
15,28,-9
15,29,8
15,30,4
15,31,6
15,32,7
15,33,-6
15,34,-5
15,35,9
15,36,9
15,37,-9
15,38,-5
15,39,-3
15,40,-8
15,41,8
15,42,0
15,43,-1
15,44,-4
15,45,-9
15,46,8
15,47,-2
15,48,-1
15,49,0
15,50,7
15,51,0
15,52,2
15,53,-3
15,54,3
15,55,-1
15,56,7
15,57,5
15,58,8
15,59,7
15,60,7
15,61,8
15,62,-6
15,63,1
15,64,6
15,65,6
15,66,-2
15,67,-7
15,68,-6
15,69,-9
15,70,4
15,71,9
15,72,-9
15,73,-8
15,74,-10
15,75,-9
16,1,-6
16,2,8
16,3,7
16,4,6
16,5,-6
16,6,7
16,7,2
16,8,-9
16,9,8
16,10,8
16,11,7
16,12,1
16,13,1
16,14,-7
16,15,5
16,16,-5
16,17,8
16,18,6
16,19,-10
16,20,3
16,21,9
16,22,7
16,23,9
16,24,6
16,25,0
16,26,-1
16,27,0
16,28,-9
16,29,8
16,30,4
16,31,6
16,32,7
16,33,-6
16,34,-5
16,35,8
16,36,9
16,37,-9
16,38,-4
16,39,-3
16,40,-8
16,41,7
16,42,0
16,43,-1
16,44,-4
16,45,-9
16,46,8
16,47,-2
16,48,-1
16,49,0
16,50,7
16,51,0
16,52,2
16,53,-3
16,54,3
16,55,-1
16,56,7
16,57,6
16,58,8
16,59,7
16,60,8
16,61,8
16,62,-6
16,63,1
16,64,6
16,65,7
16,66,-3
16,67,-7
16,68,-6
16,69,-9
16,70,4
16,71,9
16,72,-9
16,73,-9
16,74,-10
16,75,-10
17,1,-5
17,2,8
17,3,8
17,4,6
17,5,-6
17,6,7
17,7,2
17,8,-9
17,9,7
17,10,8
17,11,7
17,12,1
17,13,2
17,14,-7
17,15,4
17,16,-5
17,17,8
17,18,5
17,19,-10
17,20,2
17,21,9
17,22,6
17,23,9
17,24,6
17,25,1
17,26,-1
17,27,0
17,28,-8
17,29,8
17,30,4
17,31,6
17,32,7
17,33,-5
17,34,-5
17,35,8
17,36,9
17,37,-9
17,38,-4
17,39,-2
17,40,-8
17,41,7
17,42,0
17,43,0
17,44,-4
17,45,-9
17,46,8
17,47,-3
17,48,-1
17,49,0
17,50,7
17,51,0
17,52,2
17,53,-3
17,54,3
17,55,-1
17,56,7
17,57,5
17,58,8
17,59,7
17,60,8
17,61,8
17,62,-6
17,63,2
17,64,6
17,65,7
17,66,-3
17,67,-7
17,68,-7
17,69,-9
17,70,4
17,71,8
17,72,-9
17,73,-9
17,74,-10
17,75,-9
18,1,-4
18,2,8
18,3,8
18,4,6
18,5,-6
18,6,7
18,7,2
18,8,-9
18,9,8
18,10,8
18,11,6
18,12,2
18,13,2
18,14,-7
18,15,4
18,16,-4
18,17,8
18,18,5
18,19,-10
18,20,2
18,21,9
18,22,6
18,23,8
18,24,6
18,25,1
18,26,0
18,27,0
18,28,-9
18,29,8
18,30,4
18,31,5
18,32,6
18,33,-6
18,34,-5
18,35,8
18,36,8
18,37,-9
18,38,-5
18,39,-3
18,40,-8
18,41,7
18,42,-1
18,43,-1
18,44,-4
18,45,-8
18,46,8
18,47,-3
18,48,-1
18,49,0
18,50,7
18,51,0
18,52,3
18,53,-2
18,54,3
18,55,-1
18,56,7
18,57,5
18,58,8
18,59,7
18,60,7
18,61,7
18,62,-6
18,63,2
18,64,5
18,65,6
18,66,-3
18,67,-7
18,68,-7
18,69,-9
18,70,4
18,71,8
18,72,-9
18,73,-8
18,74,-9
18,75,-9
19,1,-6
19,2,8
19,3,7
19,4,5
19,5,-6
19,6,6
19,7,2
19,8,-9
19,9,7
19,10,8
19,11,7
19,12,2
19,13,0
19,14,-7
19,15,5
19,16,-5
19,17,8
19,18,6
19,19,-10
19,20,2
19,21,8
19,22,6
19,23,8
19,24,6
19,25,1
19,26,-1
19,27,-1
19,28,-8
19,29,8
19,30,3
19,31,6
19,32,6
19,33,-6
19,34,-5
19,35,8
19,36,8
19,37,-9
19,38,-4
19,39,-3
19,40,-8
19,41,7
19,42,0
19,43,0
19,44,-4
19,45,-9
19,46,8
19,47,-1
19,48,-1
19,49,0
19,50,8
19,51,-1
19,52,3
19,53,-3
19,54,3
19,55,-1
19,56,7
19,57,5
19,58,7
19,59,7
19,60,7
19,61,7
19,62,-6
19,63,2
19,64,6
19,65,6
19,66,-3
19,67,-7
19,68,-6
19,69,-9
19,70,3
19,71,8
19,72,-9
19,73,-9
19,74,-9
19,75,-9
20,1,-2
20,2,4
20,3,2
20,4,2
20,5,-3
20,6,3
20,7,-1
20,8,-2
20,9,4
20,10,4
20,11,4
20,12,0
20,13,-1
20,14,0
20,15,4
20,16,2
20,17,3
20,18,3
20,19,-4
20,20,4
20,21,4
20,22,1
20,23,5
20,24,5
20,25,1
20,26,1
20,27,1
20,28,-3
20,29,2
20,30,4
20,31,4
20,32,3
20,33,0
20,34,1
20,35,2
20,36,5
20,37,-2
20,38,1
20,39,-2
20,40,-6
20,41,0
20,42,1
20,43,0
20,44,1
20,45,-2
20,46,2
20,47,1
20,48,-2
20,49,-2
20,50,5
20,51,0
20,52,-1
20,53,-3
20,54,5
20,55,-1
20,56,4
20,57,4
20,58,4
20,59,3
20,60,3
20,61,4
20,62,1
20,63,4
20,64,3
20,65,2
20,66,-3
20,67,-3
20,68,-1
20,69,-5
20,70,-1
20,71,3
20,72,-4
20,73,-4
20,74,-4
20,75,-5
21,1,5
21,2,-8
21,3,-8
21,4,-6
21,5,4
21,6,-7
21,7,-3
21,8,8
21,9,-8
21,10,-8
21,11,-7
21,12,-3
21,13,-1
21,14,8
21,15,-5
21,16,5
21,17,-8
21,18,-7
21,19,8
21,20,-2
21,21,-9
21,22,-8
21,23,-8
21,24,-6
21,25,-3
21,26,0
21,27,0
21,28,8
21,29,-9
21,30,-3
21,31,-5
21,32,-6
21,33,6
21,34,6
21,35,-10
21,36,-9
21,37,9
21,38,5
21,39,2
21,40,6
21,41,-10
21,42,-1
21,43,0
21,44,3
21,45,8
21,46,-9
21,47,1
21,48,0
21,49,-2
21,50,-8
21,51,-1
21,52,-5
21,53,1
21,54,-2
21,55,0
21,56,-6
21,57,-4
21,58,-7
21,59,-7
21,60,-7
21,61,-8
21,62,6
21,63,-1
21,64,-6
21,65,-7
21,66,1
21,67,5
21,68,6
21,69,7
21,70,-5
21,71,-9
21,72,7
21,73,7
21,74,8
21,75,8
22,1,4
22,2,-8
22,3,-8
22,4,-5
22,5,3
22,6,-6
22,7,-3
22,8,8
22,9,-8
22,10,-7
22,11,-6
22,12,-3
22,13,0
22,14,8
22,15,-5
22,16,5
22,17,-7
22,18,-7
22,19,8
22,20,-1
22,21,-8
22,22,-8
22,23,-8
22,24,-5
22,25,-3
22,26,0
22,27,0
22,28,8
22,29,-9
22,30,-2
22,31,-5
22,32,-5
22,33,7
22,34,6
22,35,-10
22,36,-8
22,37,9
22,38,5
22,39,3
22,40,6
22,41,-10
22,42,-1
22,43,0
22,44,3
22,45,8
22,46,-9
22,47,0
22,48,-1
22,49,-2
22,50,-8
22,51,0
22,52,-5
22,53,2
22,54,-1
22,55,0
22,56,-5
22,57,-3
22,58,-6
22,59,-6
22,60,-6
22,61,-7
22,62,6
22,63,-2
22,64,-5
22,65,-6
22,66,0
22,67,4
22,68,6
22,69,7
22,70,-6
22,71,-9
22,72,6
22,73,5
22,74,7
22,75,7
23,1,3
23,2,-6
23,3,-6
23,4,-4
23,5,2
23,6,-5
23,7,-4
23,8,7
23,9,-6
23,10,-5
23,11,-5
23,12,-2
23,13,-1
23,14,7
23,15,-3
23,16,5
23,17,-6
23,18,-6
23,19,6
23,20,0
23,21,-6
23,22,-8
23,23,-6
23,24,-3
23,25,-2
23,26,0
23,27,0
23,28,6
23,29,-8
23,30,-1
23,31,-3
23,32,-4
23,33,6
23,34,6
23,35,-8
23,36,-6
23,37,7
23,38,6
23,39,2
23,40,3
23,41,-9
23,42,0
23,43,0
23,44,1
23,45,7
23,46,-7
23,47,1
23,48,-1
23,49,-2
23,50,-6
23,51,-1
23,52,-5
23,53,0
23,54,-1
23,55,-1
23,56,-4
23,57,-2
23,58,-5
23,59,-5
23,60,-5
23,61,-6
23,62,5
23,63,-1
23,64,-5
23,65,-5
23,66,1
23,67,2
23,68,5
23,69,5
23,70,-4
23,71,-7
23,72,6
23,73,5
23,74,6
23,75,6
24,1,0
24,2,2
24,3,1
24,4,2
24,5,-4
24,6,2
24,7,0
24,8,0
24,9,1
24,10,3
24,11,2
24,12,1
24,13,2
24,14,2
24,15,2
24,16,2
24,17,2
24,18,-1
24,19,-3
24,20,3
24,21,2
24,22,-3
24,23,3
24,24,3
24,25,-2
24,26,0
24,27,1
24,28,-1
24,29,-1
24,30,4
24,31,3
24,32,2
24,33,1
24,34,2
24,35,-1
24,36,2
24,37,1
24,38,2
24,39,1
24,40,-5
24,41,-3
24,42,0
24,43,0
24,44,-2
24,45,1
24,46,0
24,47,-2
24,48,0
24,49,-3
24,50,1
24,51,-1
24,52,-3
24,53,-2
24,54,3
24,55,-1
24,56,2
24,57,3
24,58,3
24,59,2
24,60,2
24,61,1
24,62,0
24,63,2
24,64,0
24,65,2
24,66,-2
24,67,-4
24,68,-1
24,69,-3
24,70,-1
24,71,1
24,72,-2
24,73,-3
24,74,-2
24,75,-2
25,1,3
25,2,-4
25,3,-4
25,4,-4
25,5,2
25,6,-4
25,7,-3
25,8,5
25,9,-5
25,10,-4
25,11,-4
25,12,0
25,13,1
25,14,5
25,15,-2
25,16,5
25,17,-4
25,18,-4
25,19,4
25,20,1
25,21,-4
25,22,-6
25,23,-4
25,24,-2
25,25,-1
25,26,0
25,27,0
25,28,4
25,29,-6
25,30,0
25,31,-3
25,32,-3
25,33,4
25,34,4
25,35,-6
25,36,-4
25,37,6
25,38,2
25,39,1
25,40,1
25,41,-7
25,42,-1
25,43,-1
25,44,1
25,45,6
25,46,-7
25,47,-1
25,48,0
25,49,-2
25,50,-3
25,51,-2
25,52,-4
25,53,1
25,54,0
25,55,-1
25,56,-3
25,57,-2
25,58,-4
25,59,-4
25,60,-4
25,61,-5
25,62,4
25,63,1
25,64,-4
25,65,-4
25,66,1
25,67,2
25,68,4
25,69,4
25,70,-3
25,71,-5
25,72,5
25,73,4
25,74,5
25,75,5
26,1,4
26,2,-9
26,3,-8
26,4,-6
26,5,5
26,6,-7
26,7,-3
26,8,8
26,9,-9
26,10,-8
26,11,-7
26,12,-3
26,13,-2
26,14,7
26,15,-5
26,16,5
26,17,-8
26,18,-7
26,19,9
26,20,-2
26,21,-9
26,22,-8
26,23,-9
26,24,-6
26,25,-3
26,26,0
26,27,-1
26,28,8
26,29,-9
26,30,-4
26,31,-6
26,32,-6
26,33,6
26,34,6
26,35,-10
26,36,-9
26,37,9
26,38,5
26,39,2
26,40,7
26,41,-9
26,42,-1
26,43,0
26,44,3
26,45,8
26,46,-9
26,47,1
26,48,0
26,49,-1
26,50,-8
26,51,0
26,52,-5
26,53,1
26,54,-3
26,55,0
26,56,-7
26,57,-4
26,58,-8
26,59,-7
26,60,-7
26,61,-8
26,62,6
26,63,-3
26,64,-6
26,65,-7
26,66,2
26,67,5
26,68,6
26,69,8
26,70,-5
26,71,-9
26,72,7
26,73,7
26,74,8
26,75,8
27,1,4
27,2,-8
27,3,-7
27,4,-6
27,5,5
27,6,-7
27,7,-3
27,8,7
27,9,-8
27,10,-7
27,11,-7
27,12,-2
27,13,-2
27,14,7
27,15,-4
27,16,4
27,17,-8
27,18,-6
27,19,8
27,20,-2
27,21,-8
27,22,-8
27,23,-7
27,24,-4
27,25,-1
27,26,0
27,27,0
27,28,6
27,29,-8
27,30,-3
27,31,-6
27,32,-6
27,33,5
27,34,4
27,35,-8
27,36,-7
27,37,7
27,38,4
27,39,1
27,40,5
27,41,-8
27,42,0
27,43,0
27,44,2
27,45,7
27,46,-8
27,47,1
27,48,-1
27,49,-1
27,50,-7
27,51,-1
27,52,-3
27,53,1
27,54,-2
27,55,-1
27,56,-7
27,57,-5
27,58,-8
27,59,-7
27,60,-7
27,61,-8
27,62,5
27,63,-1
27,64,-5
27,65,-7
27,66,2
27,67,4
27,68,5
27,69,7
27,70,-5
27,71,-8
27,72,7
27,73,7
27,74,8
27,75,7
28,1,4
28,2,-8
28,3,-7
28,4,-8
28,5,6
28,6,-7
28,7,-4
28,8,6
28,9,-7
28,10,-9
28,11,-8
28,12,-2
28,13,-3
28,14,4
28,15,-5
28,16,4
28,17,-8
28,18,-5
28,19,8
28,20,-4
28,21,-8
28,22,-6
28,23,-9
28,24,-6
28,25,1
28,26,1
28,27,-1
28,28,5
28,29,-6
28,30,-5
28,31,-7
28,32,-7
28,33,2
28,34,2
28,35,-7
28,36,-8
28,37,6
28,38,2
28,39,0
28,40,5
28,41,-6
28,42,0
28,43,0
28,44,2
28,45,6
28,46,-8
28,47,1
28,48,-1
28,49,1
28,50,-6
28,51,0
28,52,-2
28,53,2
28,54,-4
28,55,-1
28,56,-9
28,57,-7
28,58,-9
28,59,-8
28,60,-9
28,61,-9
28,62,3
28,63,-3
28,64,-6
28,65,-8
28,66,4
28,67,6
28,68,5
28,69,8
28,70,-3
28,71,-8
28,72,9
28,73,8
28,74,9
28,75,8
29,1,4
29,2,-7
29,3,-7
29,4,-8
29,5,6
29,6,-7
29,7,-4
29,8,7
29,9,-7
29,10,-8
29,11,-7
29,12,-2
29,13,-4
29,14,4
29,15,-4
29,16,4
29,17,-8
29,18,-5
29,19,8
29,20,-3
29,21,-8
29,22,-6
29,23,-8
29,24,-5
29,25,1
29,26,1
29,27,0
29,28,5
29,29,-6
29,30,-5
29,31,-6
29,32,-6
29,33,2
29,34,2
29,35,-7
29,36,-8
29,37,6
29,38,3
29,39,0
29,40,4
29,41,-6
29,42,1
29,43,0
29,44,2
29,45,6
29,46,-8
29,47,2
29,48,0
29,49,0
29,50,-5
29,51,-1
29,52,-2
29,53,1
29,54,-3
29,55,0
29,56,-8
29,57,-7
29,58,-8
29,59,-8
29,60,-9
29,61,-8
29,62,4
29,63,-2
29,64,-6
29,65,-8
29,66,4
29,67,6
29,68,6
29,69,8
29,70,-3
29,71,-7
29,72,8
29,73,8
29,74,9
29,75,8
30,1,4
30,2,-9
30,3,-8
30,4,-7
30,5,6
30,6,-7
30,7,-4
30,8,7
30,9,-8
30,10,-9
30,11,-8
30,12,-2
30,13,-3
30,14,5
30,15,-5
30,16,4
30,17,-9
30,18,-5
30,19,9
30,20,-4
30,21,-9
30,22,-6
30,23,-9
30,24,-6
30,25,0
30,26,1
30,27,-1
30,28,6
30,29,-7
30,30,-5
30,31,-7
30,32,-7
30,33,3
30,34,3
30,35,-8
30,36,-9
30,37,7
30,38,3
30,39,0
30,40,6
30,41,-7
30,42,0
30,43,-1
30,44,3
30,45,7
30,46,-8
30,47,2
30,48,0
30,49,0
30,50,-7
30,51,-1
30,52,-2
30,53,2
30,54,-4
30,55,0
30,56,-8
30,57,-7
30,58,-9
30,59,-8
30,60,-9
30,61,-9
30,62,4
30,63,-3
30,64,-6
30,65,-8
30,66,3
30,67,6
30,68,6
30,69,8
30,70,-4
30,71,-8
30,72,8
30,73,8
30,74,9
30,75,8
31,1,-4
31,2,7
31,3,6
31,4,7
31,5,-7
31,6,6
31,7,3
31,8,-7
31,9,5
31,10,8
31,11,6
31,12,1
31,13,2
31,14,-4
31,15,3
31,16,-4
31,17,7
31,18,3
31,19,-9
31,20,3
31,21,7
31,22,4
31,23,7
31,24,5
31,25,-2
31,26,-1
31,27,0
31,28,-6
31,29,5
31,30,4
31,31,6
31,32,5
31,33,-3
31,34,-3
31,35,5
31,36,7
31,37,-6
31,38,-3
31,39,-1
31,40,-6
31,41,4
31,42,-1
31,43,-1
31,44,-3
31,45,-6
31,46,6
31,47,-2
31,48,0
31,49,-1
31,50,5
31,51,-1
31,52,0
31,53,-2
31,54,3
31,55,-1
31,56,7
31,57,6
31,58,7
31,59,7
31,60,7
31,61,7
31,62,-4
31,63,2
31,64,5
31,65,7
31,66,-4
31,67,-7
31,68,-6
31,69,-8
31,70,2
31,71,6
31,72,-9
31,73,-9
31,74,-9
31,75,-9
32,1,3
32,2,-5
32,3,-6
32,4,-5
32,5,4
32,6,-6
32,7,-4
32,8,6
32,9,-6
32,10,-5
32,11,-5
32,12,-1
32,13,-4
32,14,5
32,15,-3
32,16,6
32,17,-6
32,18,-3
32,19,5
32,20,-2
32,21,-5
32,22,-6
32,23,-4
32,24,-2
32,25,2
32,26,1
32,27,1
32,28,4
32,29,-5
32,30,-1
32,31,-3
32,32,-4
32,33,3
32,34,3
32,35,-6
32,36,-5
32,37,5
32,38,5
32,39,-1
32,40,1
32,41,-6
32,42,2
32,43,0
32,44,3
32,45,5
32,46,-6
32,47,4
32,48,-1
32,49,-1
32,50,-3
32,51,-1
32,52,-1
32,53,-1
32,54,0
32,55,-1
32,56,-6
32,57,-5
32,58,-6
32,59,-6
32,60,-7
32,61,-7
32,62,4
32,63,-1
32,64,-4
32,65,-7
32,66,1
32,67,4
32,68,4
32,69,5
32,70,-4
32,71,-6
32,72,6
32,73,6
32,74,7
32,75,5
33,1,-3
33,2,3
33,3,2
33,4,3
33,5,-3
33,6,3
33,7,-1
33,8,-3
33,9,3
33,10,4
33,11,4
33,12,-1
33,13,2
33,14,0
33,15,3
33,16,-2
33,17,4
33,18,2
33,19,-4
33,20,4
33,21,4
33,22,-1
33,23,4
33,24,4
33,25,-3
33,26,1
33,27,0
33,28,-2
33,29,2
33,30,4
33,31,2
33,32,4
33,33,1
33,34,0
33,35,1
33,36,4
33,37,-2
33,38,0
33,39,0
33,40,-3
33,41,0
33,42,1
33,43,-1
33,44,0
33,45,-4
33,46,3
33,47,-2
33,48,-2
33,49,0
33,50,2
33,51,1
33,52,-2
33,53,0
33,54,3
33,55,-1
33,56,5
33,57,5
33,58,5
33,59,4
33,60,4
33,61,4
33,62,1
33,63,2
33,64,3
33,65,4
33,66,-1
33,67,-5
33,68,-1
33,69,-4
33,70,0
33,71,3
33,72,-5
33,73,-5
33,74,-4
33,75,-4
34,1,4
34,2,-6
34,3,-7
34,4,-4
34,5,2
34,6,-5
34,7,-3
34,8,7
34,9,-7
34,10,-5
34,11,-6
34,12,-1
34,13,1
34,14,6
34,15,-4
34,16,5
34,17,-6
34,18,-6
34,19,6
34,20,-1
34,21,-7
34,22,-8
34,23,-6
34,24,-4
34,25,-4
34,26,1
34,27,0
34,28,7
34,29,-8
34,30,-1
34,31,-4
34,32,-3
34,33,7
34,34,7
34,35,-9
34,36,-7
34,37,8
34,38,4
34,39,3
34,40,5
34,41,-9
34,42,-1
34,43,0
34,44,1
34,45,7
34,46,-8
34,47,-2
34,48,0
34,49,-2
34,50,-7
34,51,0
34,52,-6
34,53,1
34,54,-2
34,55,0
34,56,-4
34,57,-2
34,58,-4
34,59,-5
34,60,-5
34,61,-5
34,62,6
34,63,-1
34,64,-4
34,65,-4
34,66,1
34,67,3
34,68,5
34,69,6
34,70,-4
34,71,-7
34,72,5
34,73,4
34,74,6
34,75,6
35,1,-3
35,2,6
35,3,5
35,4,5
35,5,-6
35,6,5
35,7,1
35,8,-4
35,9,4
35,10,7
35,11,6
35,12,0
35,13,3
35,14,-1
35,15,5
35,16,-1
35,17,6
35,18,2
35,19,-7
35,20,5
35,21,6
35,22,1
35,23,7
35,24,6
35,25,-2
35,26,0
35,27,0
35,28,-4
35,29,3
35,30,6
35,31,6
35,32,6
35,33,0
35,34,0
35,35,3
35,36,6
35,37,-3
35,38,0
35,39,0
35,40,-6
35,41,1
35,42,-1
35,43,-1
35,44,-2
35,45,-4
35,46,4
35,47,-2
35,48,-1
35,49,-3
35,50,4
35,51,0
35,52,-2
35,53,-3
35,54,5
35,55,-1
35,56,7
35,57,6
35,58,7
35,59,6
35,60,6
35,61,6
35,62,-1
35,63,2
35,64,4
35,65,6
35,66,-4
35,67,-7
35,68,-3
35,69,-7
35,70,1
35,71,5
35,72,-7
35,73,-7
35,74,-7
35,75,-7
36,1,-1
36,2,7
36,3,5
36,4,4
36,5,-5
36,6,5
36,7,0
36,8,-6
36,9,6
36,10,7
36,11,6
36,12,1
36,13,1
36,14,-4
36,15,5
36,16,-3
36,17,6
36,18,3
36,19,-8
36,20,2
36,21,8
36,22,4
36,23,7
36,24,6
36,25,0
36,26,-1
36,27,2
36,28,-7
36,29,6
36,30,5
36,31,5
36,32,6
36,33,-6
36,34,-3
36,35,6
36,36,7
36,37,-6
36,38,-2
36,39,-2
36,40,-8
36,41,5
36,42,1
36,43,-1
36,44,-2
36,45,-7
36,46,6
36,47,-1
36,48,-2
36,49,-1
36,50,6
36,51,0
36,52,0
36,53,-3
36,54,3
36,55,-1
36,56,5
36,57,3
36,58,6
36,59,5
36,60,5
36,61,5
36,62,-5
36,63,1
36,64,3
36,65,4
36,66,-1
36,67,-6
36,68,-4
36,69,-6
36,70,4
36,71,6
36,72,-5
36,73,-5
36,74,-6
36,75,-6
37,1,-3
37,2,7
37,3,4
37,4,6
37,5,-6
37,6,6
37,7,1
37,8,-5
37,9,5
37,10,7
37,11,6
37,12,0
37,13,2
37,14,-3
37,15,5
37,16,-3
37,17,6
37,18,2
37,19,-8
37,20,4
37,21,7
37,22,3
37,23,7
37,24,5
37,25,-3
37,26,-1
37,27,0
37,28,-5
37,29,4
37,30,6
37,31,6
37,32,6
37,33,-2
37,34,0
37,35,4
37,36,6
37,37,-4
37,38,-1
37,39,1
37,40,-5
37,41,2
37,42,-1
37,43,-1
37,44,-2
37,45,-5
37,46,5
37,47,-2
37,48,-1
37,49,-3
37,50,3
37,51,0
37,52,-3
37,53,-3
37,54,3
37,55,-1
37,56,7
37,57,7
37,58,8
37,59,7
37,60,7
37,61,7
37,62,-2
37,63,1
37,64,4
37,65,6
37,66,-3
37,67,-7
37,68,-4
37,69,-7
37,70,3
37,71,5
37,72,-7
37,73,-8
37,74,-8
37,75,-7
38,1,-5
38,2,8
38,3,7
38,4,6
38,5,-7
38,6,7
38,7,2
38,8,-8
38,9,7
38,10,8
38,11,7
38,12,1
38,13,2
38,14,-6
38,15,5
38,16,-4
38,17,8
38,18,5
38,19,-10
38,20,3
38,21,9
38,22,5
38,23,9
38,24,6
38,25,0
38,26,0
38,27,0
38,28,-8
38,29,7
38,30,5
38,31,6
38,32,7
38,33,-4
38,34,-4
38,35,7
38,36,9
38,37,-8
38,38,-3
38,39,-2
38,40,-8
38,41,6
38,42,0
38,43,0
38,44,-4
38,45,-8
38,46,7
38,47,-2
38,48,-1
38,49,-1
38,50,7
38,51,0
38,52,1
38,53,-3
38,54,3
38,55,-1
38,56,8
38,57,6
38,58,8
38,59,7
38,60,8
38,61,8
38,62,-4
38,63,2
38,64,6
38,65,7
38,66,-3
38,67,-7
38,68,-6
38,69,-9
38,70,3
38,71,8
38,72,-9
38,73,-9
38,74,-9
38,75,-9
39,1,4
39,2,-8
39,3,-8
39,4,-7
39,5,6
39,6,-7
39,7,-4
39,8,7
39,9,-7
39,10,-8
39,11,-7
39,12,-2
39,13,-3
39,14,5
39,15,-5
39,16,4
39,17,-8
39,18,-5
39,19,9
39,20,-3
39,21,-9
39,22,-7
39,23,-8
39,24,-5
39,25,0
39,26,1
39,27,0
39,28,6
39,29,-7
39,30,-4
39,31,-6
39,32,-6
39,33,4
39,34,4
39,35,-8
39,36,-8
39,37,7
39,38,3
39,39,1
39,40,5
39,41,-7
39,42,0
39,43,0
39,44,3
39,45,7
39,46,-8
39,47,1
39,48,0
39,49,-1
39,50,-7
39,51,-1
39,52,-3
39,53,2
39,54,-3
39,55,0
39,56,-7
39,57,-6
39,58,-8
39,59,-8
39,60,-8
39,61,-8
39,62,5
39,63,-2
39,64,-5
39,65,-8
39,66,3
39,67,6
39,68,6
39,69,8
39,70,-4
39,71,-8
39,72,8
39,73,8
39,74,8
39,75,8
40,1,5
40,2,-7
40,3,-6
40,4,-7
40,5,5
40,6,-6
40,7,-4
40,8,6
40,9,-6
40,10,-7
40,11,-6
40,12,-1
40,13,-1
40,14,5
40,15,-4
40,16,4
40,17,-7
40,18,-5
40,19,7
40,20,-2
40,21,-7
40,22,-7
40,23,-7
40,24,-4
40,25,0
40,26,2
40,27,0
40,28,5
40,29,-6
40,30,-4
40,31,-5
40,32,-6
40,33,3
40,34,2
40,35,-7
40,36,-7
40,37,6
40,38,1
40,39,-1
40,40,3
40,41,-6
40,42,1
40,43,0
40,44,2
40,45,6
40,46,-8
40,47,0
40,48,1
40,49,0
40,50,-5
40,51,-1
40,52,-2
40,53,2
40,54,-2
40,55,-1
40,56,-7
40,57,-6
40,58,-7
40,59,-8
40,60,-8
40,61,-7
40,62,5
40,63,1
40,64,-5
40,65,-7
40,66,3
40,67,6
40,68,5
40,69,6
40,70,-4
40,71,-7
40,72,7
40,73,7
40,74,8
40,75,7
41,1,-3
41,2,7
41,3,6
41,4,5
41,5,-5
41,6,5
41,7,0
41,8,-6
41,9,6
41,10,7
41,11,6
41,12,2
41,13,0
41,14,-5
41,15,4
41,16,-2
41,17,6
41,18,5
41,19,-8
41,20,2
41,21,7
41,22,4
41,23,7
41,24,6
41,25,1
41,26,0
41,27,0
41,28,-7
41,29,6
41,30,3
41,31,5
41,32,5
41,33,-6
41,34,-5
41,35,7
41,36,7
41,37,-7
41,38,-3
41,39,-3
41,40,-8
41,41,6
41,42,1
41,43,-1
41,44,-3
41,45,-7
41,46,6
41,47,0
41,48,-1
41,49,-1
41,50,6
41,51,-1
41,52,2
41,53,-3
41,54,3
41,55,-1
41,56,4
41,57,3
41,58,5
41,59,4
41,60,4
41,61,5
41,62,-5
41,63,2
41,64,4
41,65,4
41,66,-2
41,67,-6
41,68,-5
41,69,-7
41,70,4
41,71,7
41,72,-6
41,73,-6
41,74,-7
41,75,-7
42,1,-3
42,2,-1
42,3,-2
42,4,-1
42,5,1
42,6,-1
42,7,-1
42,8,0
42,9,-1
42,10,0
42,11,-1
42,12,1
42,13,-4
42,14,-1
42,15,1
42,16,3
42,17,-1
42,18,2
42,19,1
42,20,0
42,21,-1
42,22,1
42,23,-1
42,24,-1
42,25,1
42,26,2
42,27,0
42,28,-1
42,29,0
42,30,0
42,31,-2
42,32,0
42,33,0
42,34,2
42,35,0
42,36,-1
42,37,-1
42,38,2
42,39,-2
42,40,0
42,41,-1
42,42,-1
42,43,-1
42,44,0
42,45,0
42,46,0
42,47,3
42,48,-2
42,49,1
42,50,0
42,51,0
42,52,0
42,53,0
42,54,0
42,55,0
42,56,-1
42,57,0
42,58,-1
42,59,-1
42,60,-1
42,61,-1
42,62,-1
42,63,-2
42,64,0
42,65,0
42,66,1
42,67,0
42,68,1
42,69,1
42,70,-1
42,71,0
42,72,0
42,73,0
42,74,0
42,75,0
43,1,-6
43,2,-2
43,3,-1
43,4,0
43,5,-2
43,6,-2
43,7,0
43,8,0
43,9,-1
43,10,-2
43,11,-1
43,12,0
43,13,-3
43,14,0
43,15,-2
43,16,1
43,17,-1
43,18,0
43,19,0
43,20,-1
43,21,-2
43,22,-1
43,23,0
43,24,-2
43,25,1
43,26,0
43,27,-1
43,28,0
43,29,-2
43,30,-1
43,31,0
43,32,-1
43,33,2
43,34,1
43,35,-2
43,36,-1
43,37,0
43,38,3
43,39,1
43,40,1
43,41,-2
43,42,-2
43,43,-1
43,44,-1
43,45,1
43,46,0
43,47,3
43,48,-1
43,49,-1
43,50,-1
43,51,0
43,52,1
43,53,-2
43,54,-1
43,55,0
43,56,0
43,57,1
43,58,-1
43,59,1
43,60,1
43,61,0
43,62,0
43,63,-2
43,64,0
43,65,1
43,66,-4
43,67,-2
43,68,-2
43,69,-1
43,70,-4
43,71,-1
43,72,-3
43,73,-3
43,74,-2
43,75,-2
44,1,-5
44,2,7
44,3,7
44,4,7
44,5,-7
44,6,7
44,7,3
44,8,-7
44,9,6
44,10,7
44,11,7
44,12,0
44,13,3
44,14,-4
44,15,4
44,16,-5
44,17,8
44,18,4
44,19,-9
44,20,3
44,21,7
44,22,4
44,23,8
44,24,5
44,25,-2
44,26,-2
44,27,0
44,28,-6
44,29,5
44,30,5
44,31,6
44,32,6
44,33,-3
44,34,-3
44,35,5
44,36,7
44,37,-6
44,38,-3
44,39,-1
44,40,-6
44,41,4
44,42,-2
44,43,-1
44,44,-3
44,45,-7
44,46,6
44,47,-3
44,48,-1
44,49,-2
44,50,5
44,51,0
44,52,0
44,53,-3
44,54,4
44,55,-1
44,56,8
44,57,7
44,58,8
44,59,8
44,60,8
44,61,8
44,62,-4
44,63,2
44,64,5
44,65,7
44,66,-5
44,67,-8
44,68,-6
44,69,-9
44,70,2
44,71,6
44,72,-10
44,73,-9
44,74,-10
44,75,-9
45,1,-5
45,2,7
45,3,6
45,4,7
45,5,-8
45,6,6
45,7,3
45,8,-7
45,9,6
45,10,8
45,11,7
45,12,0
45,13,3
45,14,-4
45,15,4
45,16,-5
45,17,8
45,18,3
45,19,-9
45,20,3
45,21,7
45,22,4
45,23,8
45,24,5
45,25,-2
45,26,-1
45,27,0
45,28,-6
45,29,5
45,30,5
45,31,6
45,32,6
45,33,-3
45,34,-3
45,35,5
45,36,7
45,37,-6
45,38,-3
45,39,0
45,40,-6
45,41,4
45,42,-1
45,43,0
45,44,-3
45,45,-7
45,46,6
45,47,-3
45,48,0
45,49,-2
45,50,5
45,51,0
45,52,0
45,53,-3
45,54,3
45,55,-1
45,56,8
45,57,7
45,58,8
45,59,8
45,60,8
45,61,8
45,62,-3
45,63,2
45,64,5
45,65,8
45,66,-5
45,67,-8
45,68,-6
45,69,-9
45,70,2
45,71,6
45,72,-9
45,73,-9
45,74,-9
45,75,-9
46,1,-2
46,2,0
46,3,0
46,4,-1
46,5,0
46,6,-1
46,7,2
46,8,-2
46,9,0
46,10,0
46,11,-1
46,12,0
46,13,-1
46,14,0
46,15,-1
46,16,-3
46,17,0
46,18,0
46,19,-1
46,20,-1
46,21,0
46,22,0
46,23,-1
46,24,-1
46,25,0
46,26,-1
46,27,-1
46,28,-1
46,29,-1
46,30,-1
46,31,-1
46,32,0
46,33,-1
46,34,-1
46,35,0
46,36,-1
46,37,-1
46,38,1
46,39,-1
46,40,0
46,41,0
46,42,0
46,43,1
46,44,0
46,45,-1
46,46,1
46,47,0
46,48,0
46,49,-3
46,50,0
46,51,0
46,52,-2
46,53,-1
46,54,-1
46,55,0
46,56,-1
46,57,-1
46,58,-1
46,59,0
46,60,0
46,61,0
46,62,-1
46,63,-1
46,64,-2
46,65,0
46,66,-1
46,67,0
46,68,1
46,69,0
46,70,-1
46,71,-1
46,72,-1
46,73,-1
46,74,-1
46,75,-1
47,1,-3
47,2,7
47,3,6
47,4,5
47,5,-6
47,6,7
47,7,3
47,8,-7
47,9,7
47,10,8
47,11,6
47,12,1
47,13,4
47,14,-5
47,15,5
47,16,-5
47,17,7
47,18,4
47,19,-9
47,20,4
47,21,8
47,22,4
47,23,7
47,24,6
47,25,-3
47,26,0
47,27,0
47,28,-6
47,29,6
47,30,5
47,31,5
47,32,7
47,33,-3
47,34,-2
47,35,6
47,36,7
47,37,-6
47,38,-5
47,39,-1
47,40,-6
47,41,4
47,42,-1
47,43,0
47,44,-3
47,45,-7
47,46,6
47,47,-5
47,48,-1
47,49,-1
47,50,5
47,51,0
47,52,-1
47,53,-1
47,54,3
47,55,-1
47,56,8
47,57,7
47,58,9
47,59,7
47,60,8
47,61,8
47,62,-3
47,63,2
47,64,5
47,65,7
47,66,-3
47,67,-7
47,68,-5
47,69,-8
47,70,3
47,71,7
47,72,-8
47,73,-8
47,74,-9
47,75,-8
48,1,-5
48,2,8
48,3,7
48,4,5
48,5,-6
48,6,6
48,7,2
48,8,-8
48,9,8
48,10,8
48,11,7
48,12,2
48,13,1
48,14,-6
48,15,5
48,16,-4
48,17,8
48,18,6
48,19,-10
48,20,3
48,21,9
48,22,6
48,23,9
48,24,7
48,25,1
48,26,0
48,27,0
48,28,-8
48,29,8
48,30,5
48,31,6
48,32,7
48,33,-5
48,34,-4
48,35,8
48,36,9
48,37,-9
48,38,-5
48,39,-3
48,40,-9
48,41,7
48,42,0
48,43,0
48,44,-3
48,45,-9
48,46,7
48,47,-2
48,48,-1
48,49,0
48,50,8
48,51,0
48,52,2
48,53,-3
48,54,3
48,55,-1
48,56,7
48,57,5
48,58,8
48,59,7
48,60,7
48,61,8
48,62,-5
48,63,2
48,64,6
48,65,6
48,66,-2
48,67,-7
48,68,-6
48,69,-9
48,70,4
48,71,8
48,72,-8
48,73,-8
48,74,-9
48,75,-9
49,1,-3
49,2,8
49,3,6
49,4,4
49,5,-4
49,6,5
49,7,2
49,8,-9
49,9,7
49,10,7
49,11,6
49,12,2
49,13,0
49,14,-8
49,15,4
49,16,-5
49,17,6
49,18,5
49,19,-9
49,20,1
49,21,8
49,22,7
49,23,7
49,24,6
49,25,1
49,26,0
49,27,1
49,28,-9
49,29,8
49,30,3
49,31,4
49,32,6
49,33,-8
49,34,-6
49,35,9
49,36,8
49,37,-9
49,38,-5
49,39,-4
49,40,-9
49,41,8
49,42,1
49,43,-1
49,44,-4
49,45,-9
49,46,8
49,47,-2
49,48,-1
49,49,2
49,50,7
49,51,0
49,52,3
49,53,-2
49,54,1
49,55,-1
49,56,4
49,57,2
49,58,6
49,59,5
49,60,5
49,61,6
49,62,-7
49,63,0
49,64,4
49,65,4
49,66,1
49,67,-6
49,68,-6
49,69,-7
49,70,6
49,71,9
49,72,-6
49,73,-6
49,74,-8
49,75,-7
50,1,-4
50,2,8
50,3,7
50,4,4
50,5,-4
50,6,6
50,7,1
50,8,-9
50,9,8
50,10,7
50,11,6
50,12,2
50,13,1
50,14,-8
50,15,5
50,16,-6
50,17,7
50,18,5
50,19,-9
50,20,1
50,21,8
50,22,7
50,23,7
50,24,6
50,25,1
50,26,-1
50,27,0
50,28,-9
50,29,8
50,30,3
50,31,4
50,32,6
50,33,-8
50,34,-6
50,35,9
50,36,8
50,37,-9
50,38,-6
50,39,-3
50,40,-8
50,41,8
50,42,1
50,43,0
50,44,-4
50,45,-10
50,46,8
50,47,-2
50,48,-1
50,49,1
50,50,7
50,51,0
50,52,3
50,53,-2
50,54,1
50,55,-1
50,56,5
50,57,3
50,58,7
50,59,6
50,60,6
50,61,7
50,62,-7
50,63,1
50,64,4
50,65,5
50,66,0
50,67,-6
50,68,-6
50,69,-8
50,70,6
50,71,9
50,72,-7
50,73,-6
50,74,-8
50,75,-8
51,1,-5
51,2,8
51,3,7
51,4,5
51,5,-5
51,6,7
51,7,2
51,8,-9
51,9,8
51,10,8
51,11,7
51,12,2
51,13,0
51,14,-8
51,15,5
51,16,-5
51,17,8
51,18,6
51,19,-10
51,20,2
51,21,9
51,22,7
51,23,8
51,24,6
51,25,1
51,26,-1
51,27,0
51,28,-9
51,29,8
51,30,4
51,31,5
51,32,6
51,33,-7
51,34,-5
51,35,9
51,36,9
51,37,-10
51,38,-5
51,39,-3
51,40,-8
51,41,8
51,42,0
51,43,-1
51,44,-4
51,45,-10
51,46,8
51,47,-2
51,48,-1
51,49,0
51,50,7
51,51,0
51,52,3
51,53,-3
51,54,2
51,55,-1
51,56,7
51,57,5
51,58,8
51,59,7
51,60,7
51,61,8
51,62,-6
51,63,1
51,64,6
51,65,6
51,66,-2
51,67,-7
51,68,-6
51,69,-9
51,70,4
51,71,9
51,72,-9
51,73,-8
51,74,-9
51,75,-9
52,1,-3
52,2,2
52,3,2
52,4,-1
52,5,-1
52,6,1
52,7,-2
52,8,-1
52,9,2
52,10,1
52,11,1
52,12,0
52,13,-1
52,14,-1
52,15,2
52,16,1
52,17,1
52,18,3
52,19,-2
52,20,1
52,21,3
52,22,1
52,23,3
52,24,4
52,25,3
52,26,3
52,27,0
52,28,-4
52,29,3
52,30,1
52,31,1
52,32,2
52,33,-1
52,34,-2
52,35,2
52,36,3
52,37,-3
52,38,-1
52,39,-3
52,40,-4
52,41,1
52,42,1
52,43,0
52,44,-1
52,45,-2
52,46,1
52,47,0
52,48,-1
52,49,1
52,50,3
52,51,-1
52,52,2
52,53,-3
52,54,2
52,55,-1
52,56,1
52,57,1
52,58,2
52,59,0
52,60,0
52,61,2
52,62,1
52,63,2
52,64,2
52,65,-1
52,66,0
52,67,-1
52,68,0
52,69,-2
52,70,0
52,71,3
52,72,-1
52,73,-2
52,74,-2
52,75,-2
53,1,-3
53,2,6
53,3,4
53,4,5
53,5,-5
53,6,5
53,7,2
53,8,-6
53,9,6
53,10,7
53,11,6
53,12,2
53,13,1
53,14,-3
53,15,5
53,16,-2
53,17,6
53,18,4
53,19,-7
53,20,4
53,21,6
53,22,3
53,23,7
53,24,6
53,25,-1
53,26,1
53,27,0
53,28,-5
53,29,5
53,30,5
53,31,4
53,32,5
53,33,-3
53,34,-2
53,35,5
53,36,7
53,37,-5
53,38,-3
53,39,-3
53,40,-6
53,41,4
53,42,1
53,43,0
53,44,0
53,45,-6
53,46,5
53,47,-1
53,48,-2
53,49,0
53,50,6
53,51,0
53,52,0
53,53,-1
53,54,5
53,55,-1
53,56,6
53,57,4
53,58,6
53,59,5
53,60,5
53,61,6
53,62,-3
53,63,4
53,64,4
53,65,4
53,66,-3
53,67,-5
53,68,-3
53,69,-7
53,70,0
53,71,5
53,72,-7
53,73,-6
53,74,-6
53,75,-7
54,1,-5
54,2,8
54,3,7
54,4,5
54,5,-6
54,6,6
54,7,2
54,8,-8
54,9,7
54,10,8
54,11,7
54,12,2
54,13,1
54,14,-6
54,15,5
54,16,-3
54,17,7
54,18,5
54,19,-10
54,20,3
54,21,9
54,22,5
54,23,9
54,24,7
54,25,1
54,26,0
54,27,0
54,28,-8
54,29,7
54,30,4
54,31,6
54,32,6
54,33,-5
54,34,-4
54,35,7
54,36,9
54,37,-8
54,38,-4
54,39,-3
54,40,-9
54,41,6
54,42,0
54,43,0
54,44,-2
54,45,-8
54,46,7
54,47,-1
54,48,-1
54,49,-1
54,50,8
54,51,0
54,52,2
54,53,-3
54,54,4
54,55,-1
54,56,7
54,57,5
54,58,8
54,59,6
54,60,7
54,61,7
54,62,-5
54,63,3
54,64,6
54,65,6
54,66,-3
54,67,-7
54,68,-6
54,69,-9
54,70,3
54,71,8
54,72,-9
54,73,-8
54,74,-9
54,75,-9
55,1,-6
55,2,8
55,3,7
55,4,6
55,5,-6
55,6,6
55,7,3
55,8,-8
55,9,7
55,10,8
55,11,7
55,12,2
55,13,1
55,14,-6
55,15,5
55,16,-4
55,17,8
55,18,5
55,19,-10
55,20,3
55,21,8
55,22,6
55,23,9
55,24,6
55,25,0
55,26,0
55,27,0
55,28,-8
55,29,7
55,30,5
55,31,6
55,32,6
55,33,-5
55,34,-4
55,35,8
55,36,9
55,37,-8
55,38,-4
55,39,-3
55,40,-8
55,41,6
55,42,0
55,43,-1
55,44,-3
55,45,-8
55,46,8
55,47,-1
55,48,-1
55,49,-1
55,50,7
55,51,0
55,52,2
55,53,-3
55,54,3
55,55,-1
55,56,7
55,57,6
55,58,8
55,59,7
55,60,7
55,61,8
55,62,-6
55,63,1
55,64,5
55,65,7
55,66,-4
55,67,-7
55,68,-6
55,69,-9
55,70,3
55,71,8
55,72,-9
55,73,-9
55,74,-10
55,75,-9
56,1,-2
56,2,-4
56,3,-4
56,4,0
56,5,0
56,6,-2
56,7,-2
56,8,4
56,9,-4
56,10,-3
56,11,-2
56,12,-4
56,13,0
56,14,4
56,15,-1
56,16,1
56,17,-2
56,18,-3
56,19,3
56,20,1
56,21,-4
56,22,-4
56,23,-3
56,24,-4
56,25,-5
56,26,0
56,27,-2
56,28,5
56,29,-6
56,30,0
56,31,-1
56,32,-2
56,33,7
56,34,6
56,35,-6
56,36,-4
56,37,5
56,38,5
56,39,3
56,40,5
56,41,-7
56,42,-3
56,43,-1
56,44,1
56,45,4
56,46,-3
56,47,0
56,48,-1
56,49,-3
56,50,-6
56,51,1
56,52,-5
56,53,-2
56,54,0
56,55,0
56,56,1
56,57,3
56,58,0
56,59,1
56,60,1
56,61,0
56,62,4
56,63,-2
56,64,-1
56,65,0
56,66,-3
56,67,-1
56,68,2
56,69,1
56,70,-5
56,71,-5
56,72,-1
56,73,-1
56,74,0
56,75,1
57,1,-5
57,2,8
57,3,7
57,4,6
57,5,-7
57,6,7
57,7,3
57,8,-9
57,9,8
57,10,8
57,11,8
57,12,1
57,13,2
57,14,-6
57,15,5
57,16,-5
57,17,8
57,18,5
57,19,-10
57,20,3
57,21,9
57,22,6
57,23,9
57,24,6
57,25,0
57,26,-1
57,27,0
57,28,-8
57,29,8
57,30,5
57,31,6
57,32,7
57,33,-5
57,34,-4
57,35,8
57,36,9
57,37,-8
57,38,-4
57,39,-2
57,40,-8
57,41,7
57,42,0
57,43,-1
57,44,-3
57,45,-9
57,46,8
57,47,-2
57,48,-1
57,49,-1
57,50,7
57,51,0
57,52,2
57,53,-3
57,54,4
57,55,-1
57,56,8
57,57,6
57,58,8
57,59,7
57,60,8
57,61,8
57,62,-5
57,63,2
57,64,6
57,65,7
57,66,-4
57,67,-7
57,68,-6
57,69,-9
57,70,3
57,71,8
57,72,-10
57,73,-9
57,74,-10
57,75,-10
58,1,-5
58,2,8
58,3,7
58,4,6
58,5,-7
58,6,7
58,7,3
58,8,-9
58,9,8
58,10,8
58,11,7
58,12,2
58,13,2
58,14,-6
58,15,5
58,16,-5
58,17,8
58,18,5
58,19,-10
58,20,3
58,21,9
58,22,6
58,23,9
58,24,6
58,25,0
58,26,-1
58,27,0
58,28,-8
58,29,8
58,30,5
58,31,6
58,32,6
58,33,-5
58,34,-5
58,35,8
58,36,9
58,37,-9
58,38,-5
58,39,-2
58,40,-8
58,41,7
58,42,0
58,43,-1
58,44,-3
58,45,-9
58,46,8
58,47,-2
58,48,-1
58,49,-1
58,50,7
58,51,0
58,52,2
58,53,-2
58,54,3
58,55,-1
58,56,7
58,57,6
58,58,8
58,59,7
58,60,8
58,61,8
58,62,-5
58,63,2
58,64,6
58,65,7
58,66,-4
58,67,-7
58,68,-6
58,69,-9
58,70,3
58,71,8
58,72,-9
58,73,-9
58,74,-10
58,75,-10
59,1,5
59,2,-5
59,3,-5
59,4,-7
59,5,5
59,6,-6
59,7,-4
59,8,3
59,9,-5
59,10,-6
59,11,-6
59,12,-1
59,13,-2
59,14,1
59,15,-4
59,16,1
59,17,-7
59,18,-4
59,19,5
59,20,-5
59,21,-5
59,22,-4
59,23,-7
59,24,-4
59,25,1
59,26,0
59,27,0
59,28,2
59,29,-4
59,30,-4
59,31,-7
59,32,-5
59,33,-2
59,34,-1
59,35,-3
59,36,-6
59,37,3
59,38,0
59,39,-1
59,40,2
59,41,-2
59,42,2
59,43,0
59,44,-1
59,45,3
59,46,-5
59,47,0
59,48,0
59,49,2
59,50,-4
59,51,-1
59,52,0
59,53,1
59,54,-5
59,55,-1
59,56,-8
59,57,-8
59,58,-7
59,59,-7
59,60,-8
59,61,-8
59,62,0
59,63,-3
59,64,-6
59,65,-8
59,66,6
59,67,5
59,68,3
59,69,7
59,70,2
59,71,-4
59,72,8
59,73,8
59,74,7
59,75,7
60,1,-3
60,2,8
60,3,6
60,4,4
60,5,-4
60,6,5
60,7,2
60,8,-8
60,9,7
60,10,7
60,11,6
60,12,2
60,13,1
60,14,-7
60,15,5
60,16,-5
60,17,7
60,18,5
60,19,-9
60,20,1
60,21,8
60,22,6
60,23,7
60,24,6
60,25,1
60,26,0
60,27,1
60,28,-9
60,29,8
60,30,4
60,31,4
60,32,6
60,33,-7
60,34,-5
60,35,8
60,36,8
60,37,-9
60,38,-5
60,39,-3
60,40,-8
60,41,8
60,42,1
60,43,-1
60,44,-3
60,45,-9
60,46,8
60,47,-2
60,48,-2
60,49,1
60,50,7
60,51,0
60,52,2
60,53,-2
60,54,2
60,55,-1
60,56,5
60,57,3
60,58,6
60,59,5
60,60,6
60,61,6
60,62,-6
60,63,1
60,64,4
60,65,4
60,66,0
60,67,-6
60,68,-6
60,69,-7
60,70,6
60,71,8
60,72,-6
60,73,-6
60,74,-8
60,75,-8
61,1,-5
61,2,9
61,3,7
61,4,5
61,5,-6
61,6,6
61,7,2
61,8,-8
61,9,8
61,10,8
61,11,7
61,12,1
61,13,0
61,14,-6
61,15,6
61,16,-4
61,17,8
61,18,6
61,19,-10
61,20,4
61,21,9
61,22,5
61,23,9
61,24,7
61,25,0
61,26,0
61,27,0
61,28,-8
61,29,7
61,30,5
61,31,6
61,32,7
61,33,-5
61,34,-4
61,35,7
61,36,9
61,37,-8
61,38,-3
61,39,-2
61,40,-8
61,41,6
61,42,0
61,43,0
61,44,-3
61,45,-8
61,46,7
61,47,-1
61,48,-1
61,49,-1
61,50,7
61,51,-1
61,52,1
61,53,-3
61,54,4
61,55,-1
61,56,8
61,57,6
61,58,8
61,59,7
61,60,7
61,61,8
61,62,-4
61,63,2
61,64,6
61,65,6
61,66,-3
61,67,-7
61,68,-5
61,69,-9
61,70,3
61,71,8
61,72,-9
61,73,-8
61,74,-9
61,75,-9
62,1,-3
62,2,4
62,3,3
62,4,2
62,5,-3
62,6,3
62,7,-1
62,8,-2
62,9,4
62,10,5
62,11,5
62,12,0
62,13,0
62,14,0
62,15,4
62,16,2
62,17,4
62,18,3
62,19,-5
62,20,5
62,21,4
62,22,1
62,23,5
62,24,5
62,25,0
62,26,2
62,27,1
62,28,-3
62,29,3
62,30,5
62,31,4
62,32,3
62,33,0
62,34,1
62,35,2
62,36,5
62,37,-2
62,38,1
62,39,-2
62,40,-6
62,41,0
62,42,1
62,43,0
62,44,1
62,45,-3
62,46,2
62,47,0
62,48,-2
62,49,-1
62,50,5
62,51,0
62,52,-1
62,53,-2
62,54,5
62,55,-1
62,56,5
62,57,5
62,58,5
62,59,3
62,60,4
62,61,4
62,62,1
62,63,4
62,64,3
62,65,3
62,66,-3
62,67,-4
62,68,-1
62,69,-5
62,70,-1
62,71,3
62,72,-5
62,73,-5
62,74,-4
62,75,-5
63,1,4
63,2,-6
63,3,-7
63,4,-4
63,5,2
63,6,-5
63,7,-2
63,8,7
63,9,-6
63,10,-5
63,11,-5
63,12,-2
63,13,1
63,14,7
63,15,-3
63,16,4
63,17,-6
63,18,-7
63,19,6
63,20,0
63,21,-7
63,22,-8
63,23,-6
63,24,-3
63,25,-5
63,26,1
63,27,0
63,28,7
63,29,-8
63,30,-1
63,31,-4
63,32,-3
63,33,7
63,34,7
63,35,-9
63,36,-7
63,37,8
63,38,4
63,39,3
63,40,4
63,41,-9
63,42,-1
63,43,0
63,44,1
63,45,7
63,46,-8
63,47,-2
63,48,0
63,49,-2
63,50,-7
63,51,0
63,52,-7
63,53,2
63,54,-1
63,55,0
63,56,-3
63,57,-1
63,58,-4
63,59,-4
63,60,-4
63,61,-5
63,62,6
63,63,0
63,64,-4
63,65,-4
63,66,1
63,67,3
63,68,5
63,69,5
63,70,-4
63,71,-7
63,72,5
63,73,4
63,74,5
63,75,6
64,1,-3
64,2,7
64,3,6
64,4,5
64,5,-6
64,6,6
64,7,1
64,8,-5
64,9,6
64,10,8
64,11,7
64,12,1
64,13,3
64,14,-2
64,15,5
64,16,-2
64,17,7
64,18,3
64,19,-8
64,20,5
64,21,8
64,22,3
64,23,8
64,24,7
64,25,-1
64,26,0
64,27,0
64,28,-6
64,29,5
64,30,6
64,31,6
64,32,7
64,33,-2
64,34,-1
64,35,5
64,36,8
64,37,-5
64,38,-2
64,39,-1
64,40,-7
64,41,3
64,42,-1
64,43,-1
64,44,-2
64,45,-6
64,46,5
64,47,-3
64,48,-2
64,49,-2
64,50,6
64,51,0
64,52,-1
64,53,-3
64,54,5
64,55,-1
64,56,7
64,57,7
64,58,8
64,59,7
64,60,7
64,61,7
64,62,-2
64,63,3
64,64,5
64,65,6
64,66,-3
64,67,-7
64,68,-4
64,69,-8
64,70,2
64,71,6
64,72,-7
64,73,-8
64,74,-7
64,75,-8
65,1,-2
65,2,8
65,3,5
65,4,4
65,5,-4
65,6,5
65,7,1
65,8,-7
65,9,6
65,10,7
65,11,5
65,12,2
65,13,0
65,14,-6
65,15,5
65,16,-3
65,17,6
65,18,4
65,19,-9
65,20,2
65,21,8
65,22,5
65,23,7
65,24,6
65,25,1
65,26,0
65,27,1
65,28,-8
65,29,7
65,30,5
65,31,4
65,32,6
65,33,-7
65,34,-4
65,35,7
65,36,8
65,37,-8
65,38,-3
65,39,-3
65,40,-9
65,41,6
65,42,2
65,43,-1
65,44,-3
65,45,-8
65,46,7
65,47,-2
65,48,-1
65,49,1
65,50,7
65,51,0
65,52,1
65,53,-2
65,54,2
65,55,-1
65,56,4
65,57,3
65,58,6
65,59,5
65,60,5
65,61,5
65,62,-6
65,63,1
65,64,3
65,65,4
65,66,1
65,67,-6
65,68,-5
65,69,-6
65,70,6
65,71,8
65,72,-5
65,73,-5
65,74,-7
65,75,-6
66,1,-3
66,2,8
66,3,7
66,4,5
66,5,-6
66,6,6
66,7,2
66,8,-8
66,9,7
66,10,8
66,11,7
66,12,1
66,13,1
66,14,-6
66,15,5
66,16,-5
66,17,7
66,18,4
66,19,-10
66,20,3
66,21,9
66,22,6
66,23,8
66,24,6
66,25,-1
66,26,-1
66,27,1
66,28,-8
66,29,7
66,30,5
66,31,5
66,32,7
66,33,-6
66,34,-4
66,35,8
66,36,8
66,37,-8
66,38,-4
66,39,-2
66,40,-8
66,41,6
66,42,1
66,43,-1
66,44,-4
66,45,-8
66,46,8
66,47,-3
66,48,-1
66,49,0
66,50,6
66,51,0
66,52,1
66,53,-3
66,54,3
66,55,-1
66,56,7
66,57,5
66,58,8
66,59,7
66,60,7
66,61,7
66,62,-5
66,63,1
66,64,5
66,65,6
66,66,-1
66,67,-7
66,68,-6
66,69,-8
66,70,5
66,71,8
66,72,-8
66,73,-8
66,74,-9
66,75,-8
67,1,-5
67,2,9
67,3,7
67,4,5
67,5,-6
67,6,7
67,7,2
67,8,-9
67,9,8
67,10,8
67,11,7
67,12,2
67,13,1
67,14,-7
67,15,5
67,16,-5
67,17,8
67,18,6
67,19,-10
67,20,3
67,21,9
67,22,6
67,23,9
67,24,6
67,25,1
67,26,0
67,27,0
67,28,-9
67,29,8
67,30,4
67,31,6
67,32,7
67,33,-6
67,34,-5
67,35,8
67,36,9
67,37,-9
67,38,-4
67,39,-3
67,40,-8
67,41,7
67,42,0
67,43,-1
67,44,-4
67,45,-9
67,46,8
67,47,-2
67,48,-1
67,49,0
67,50,7
67,51,0
67,52,2
67,53,-3
67,54,3
67,55,-1
67,56,7
67,57,5
67,58,8
67,59,7
67,60,8
67,61,8
67,62,-5
67,63,2
67,64,6
67,65,7
67,66,-2
67,67,-7
67,68,-6
67,69,-9
67,70,4
67,71,9
67,72,-9
67,73,-9
67,74,-9
67,75,-9
68,1,3
68,2,-8
68,3,-8
68,4,-7
68,5,5
68,6,-7
68,7,-4
68,8,8
68,9,-7
68,10,-8
68,11,-7
68,12,-3
68,13,-2
68,14,6
68,15,-4
68,16,5
68,17,-8
68,18,-5
68,19,8
68,20,-2
68,21,-8
68,22,-7
68,23,-8
68,24,-5
68,25,-1
68,26,1
68,27,0
68,28,6
68,29,-7
68,30,-3
68,31,-5
68,32,-6
68,33,5
68,34,5
68,35,-8
68,36,-8
68,37,7
68,38,4
68,39,1
68,40,5
68,41,-8
68,42,0
68,43,0
68,44,3
68,45,7
68,46,-8
68,47,1
68,48,0
68,49,-1
68,50,-6
68,51,-1
68,52,-4
68,53,1
68,54,-2
68,55,0
68,56,-7
68,57,-5
68,58,-7
68,59,-7
68,60,-7
68,61,-7
68,62,6
68,63,-1
68,64,-5
68,65,-7
68,66,3
68,67,6
68,68,6
68,69,7
68,70,-5
68,71,-8
68,72,7
68,73,7
68,74,8
68,75,8
69,1,3
69,2,-3
69,3,-3
69,4,-3
69,5,2
69,6,-3
69,7,-2
69,8,3
69,9,-3
69,10,-2
69,11,-2
69,12,0
69,13,0
69,14,4
69,15,-1
69,16,3
69,17,-3
69,18,-2
69,19,3
69,20,1
69,21,-3
69,22,-5
69,23,-3
69,24,1
69,25,0
69,26,2
69,27,0
69,28,2
69,29,-3
69,30,0
69,31,-2
69,32,-2
69,33,2
69,34,2
69,35,-4
69,36,-3
69,37,3
69,38,1
69,39,-2
69,40,0
69,41,-4
69,42,2
69,43,0
69,44,2
69,45,3
69,46,-5
69,47,-1
69,48,0
69,49,0
69,50,-1
69,51,-1
69,52,-2
69,53,2
69,54,1
69,55,-1
69,56,-3
69,57,-3
69,58,-4
69,59,-4
69,60,-4
69,61,-4
69,62,3
69,63,3
69,64,-2
69,65,-4
69,66,0
69,67,2
69,68,3
69,69,3
69,70,-4
69,71,-3
69,72,3
69,73,3
69,74,4
69,75,3
70,1,-3
70,2,8
70,3,6
70,4,4
70,5,-5
70,6,5
70,7,1
70,8,-7
70,9,7
70,10,7
70,11,6
70,12,2
70,13,0
70,14,-5
70,15,5
70,16,-2
70,17,6
70,18,5
70,19,-9
70,20,3
70,21,8
70,22,5
70,23,8
70,24,7
70,25,2
70,26,0
70,27,0
70,28,-8
70,29,7
70,30,4
70,31,5
70,32,5
70,33,-6
70,34,-5
70,35,7
70,36,8
70,37,-8
70,38,-3
70,39,-3
70,40,-9
70,41,6
70,42,1
70,43,-1
70,44,-2
70,45,-8
70,46,6
70,47,-1
70,48,-1
70,49,0
70,50,8
70,51,-1
70,52,2
70,53,-3
70,54,3
70,55,-1
70,56,5
70,57,3
70,58,6
70,59,5
70,60,5
70,61,6
70,62,-5
70,63,2
70,64,5
70,65,4
70,66,-2
70,67,-6
70,68,-5
70,69,-7
70,70,3
70,71,7
70,72,-7
70,73,-6
70,74,-7
70,75,-8
71,1,-3
71,2,2
71,3,1
71,4,0
71,5,0
71,6,0
71,7,-1
71,8,-2
71,9,2
71,10,2
71,11,1
71,12,1
71,13,-4
71,14,-2
71,15,2
71,16,2
71,17,1
71,18,3
71,19,-2
71,20,1
71,21,2
71,22,2
71,23,2
71,24,2
71,25,3
71,26,2
71,27,1
71,28,-4
71,29,3
71,30,1
71,31,1
71,32,2
71,33,-3
71,34,0
71,35,3
71,36,3
71,37,-4
71,38,1
71,39,-3
71,40,-5
71,41,2
71,42,1
71,43,-1
71,44,0
71,45,-3
71,46,2
71,47,3
71,48,-1
71,49,1
71,50,4
71,51,0
71,52,1
71,53,-1
71,54,1
71,55,-1
71,56,0
71,57,0
71,58,1
71,59,0
71,60,0
71,61,1
71,62,-2
71,63,0
71,64,1
71,65,0
71,66,2
71,67,-1
71,68,0
71,69,-1
71,70,1
71,71,2
71,72,-1
71,73,-1
71,74,-1
71,75,-2
72,1,2
72,2,-9
72,3,-8
72,4,-6
72,5,5
72,6,-7
72,7,-4
72,8,7
72,9,-8
72,10,-9
72,11,-7
72,12,-3
72,13,-3
72,14,6
72,15,-5
72,16,4
72,17,-8
72,18,-5
72,19,9
72,20,-3
72,21,-9
72,22,-7
72,23,-9
72,24,-7
72,25,-1
72,26,0
72,27,-1
72,28,7
72,29,-8
72,30,-4
72,31,-6
72,32,-7
72,33,6
72,34,5
72,35,-9
72,36,-9
72,37,7
72,38,5
72,39,2
72,40,7
72,41,-8
72,42,-1
72,43,-1
72,44,3
72,45,7
72,46,-8
72,47,2
72,48,-1
72,49,-1
72,50,-8
72,51,0
72,52,-3
72,53,1
72,54,-3
72,55,0
72,56,-7
72,57,-5
72,58,-8
72,59,-7
72,60,-7
72,61,-8
72,62,5
72,63,-3
72,64,-6
72,65,-7
72,66,1
72,67,5
72,68,5
72,69,8
72,70,-5
72,71,-9
72,72,7
72,73,7
72,74,8
72,75,8
73,1,-5
73,2,8
73,3,7
73,4,7
73,5,-7
73,6,7
73,7,3
73,8,-8
73,9,7
73,10,8
73,11,7
73,12,1
73,13,2
73,14,-5
73,15,5
73,16,-5
73,17,8
73,18,5
73,19,-10
73,20,3
73,21,8
73,22,5
73,23,8
73,24,6
73,25,-1
73,26,-1
73,27,0
73,28,-7
73,29,7
73,30,5
73,31,6
73,32,6
73,33,-4
73,34,-4
73,35,7
73,36,8
73,37,-7
73,38,-4
73,39,-1
73,40,-7
73,41,5
73,42,-1
73,43,-1
73,44,-3
73,45,-8
73,46,7
73,47,-3
73,48,-1
73,49,-1
73,50,6
73,51,0
73,52,1
73,53,-3
73,54,4
73,55,-1
73,56,8
73,57,6
73,58,8
73,59,8
73,60,8
73,61,8
73,62,-5
73,63,2
73,64,6
73,65,7
73,66,-5
73,67,-8
73,68,-6
73,69,-9
73,70,3
73,71,7
73,72,-10
73,73,-9
73,74,-10
73,75,-10
74,1,-4
74,2,8
74,3,7
74,4,6
74,5,-6
74,6,6
74,7,2
74,8,-8
74,9,7
74,10,8
74,11,7
74,12,2
74,13,1
74,14,-6
74,15,5
74,16,-4
74,17,7
74,18,5
74,19,-10
74,20,3
74,21,9
74,22,5
74,23,9
74,24,7
74,25,0
74,26,0
74,27,0
74,28,-8
74,29,7
74,30,5
74,31,6
74,32,6
74,33,-5
74,34,-5
74,35,7
74,36,9
74,37,-8
74,38,-4
74,39,-3
74,40,-8
74,41,6
74,42,0
74,43,0
74,44,-3
74,45,-8
74,46,7
74,47,-2
74,48,-1
74,49,-1
74,50,8
74,51,0
74,52,2
74,53,-2
74,54,3
74,55,-1
74,56,7
74,57,5
74,58,8
74,59,7
74,60,7
74,61,7
74,62,-5
74,63,2
74,64,5
74,65,6
74,66,-3
74,67,-7
74,68,-6
74,69,-9
74,70,3
74,71,8
74,72,-9
74,73,-8
74,74,-9
74,75,-9
75,1,-4
75,2,7
75,3,6
75,4,7
75,5,-7
75,6,6
75,7,3
75,8,-7
75,9,6
75,10,8
75,11,7
75,12,1
75,13,1
75,14,-4
75,15,5
75,16,-3
75,17,7
75,18,4
75,19,-9
75,20,4
75,21,8
75,22,4
75,23,8
75,24,6
75,25,-1
75,26,-1
75,27,0
75,28,-6
75,29,6
75,30,5
75,31,7
75,32,6
75,33,-3
75,34,-3
75,35,6
75,36,8
75,37,-6
75,38,-2
75,39,-1
75,40,-7
75,41,4
75,42,0
75,43,-1
75,44,-1
75,45,-7
75,46,6
75,47,-1
75,48,-1
75,49,-2
75,50,7
75,51,-1
75,52,1
75,53,-3
75,54,4
75,55,-1
75,56,7
75,57,6
75,58,8
75,59,7
75,60,7
75,61,7
75,62,-4
75,63,2
75,64,5
75,65,7
75,66,-5
75,67,-7
75,68,-5
75,69,-9
75,70,1
75,71,6
75,72,-9
75,73,-9
75,74,-9
75,75,-9
76,1,-4
76,2,6
76,3,4
76,4,4
76,5,-5
76,6,3
76,7,1
76,8,-4
76,9,4
76,10,6
76,11,5
76,12,1
76,13,-1
76,14,-2
76,15,4
76,16,-1
76,17,5
76,18,3
76,19,-7
76,20,3
76,21,6
76,22,2
76,23,7
76,24,5
76,25,0
76,26,0
76,27,1
76,28,-5
76,29,4
76,30,5
76,31,5
76,32,5
76,33,-2
76,34,-1
76,35,4
76,36,7
76,37,-4
76,38,1
76,39,-1
76,40,-7
76,41,2
76,42,2
76,43,0
76,44,-1
76,45,-5
76,46,5
76,47,1
76,48,-1
76,49,-1
76,50,5
76,51,0
76,52,0
76,53,-3
76,54,4
76,55,-1
76,56,5
76,57,5
76,58,6
76,59,5
76,60,5
76,61,5
76,62,-2
76,63,2
76,64,3
76,65,5
76,66,-4
76,67,-6
76,68,-3
76,69,-6
76,70,0
76,71,5
76,72,-7
76,73,-7
76,74,-6
76,75,-7
77,1,-5
77,2,8
77,3,6
77,4,7
77,5,-7
77,6,7
77,7,3
77,8,-8
77,9,7
77,10,8
77,11,7
77,12,1
77,13,2
77,14,-5
77,15,5
77,16,-5
77,17,8
77,18,4
77,19,-9
77,20,3
77,21,8
77,22,5
77,23,8
77,24,6
77,25,-2
77,26,-1
77,27,0
77,28,-7
77,29,6
77,30,5
77,31,6
77,32,6
77,33,-4
77,34,-3
77,35,6
77,36,8
77,37,-7
77,38,-3
77,39,-1
77,40,-7
77,41,5
77,42,-1
77,43,-1
77,44,-2
77,45,-8
77,46,7
77,47,-2
77,48,-1
77,49,-1
77,50,6
77,51,0
77,52,0
77,53,-2
77,54,4
77,55,-1
77,56,8
77,57,7
77,58,8
77,59,8
77,60,8
77,61,8
77,62,-4
77,63,2
77,64,6
77,65,7
77,66,-4
77,67,-8
77,68,-6
77,69,-9
77,70,2
77,71,7
77,72,-9
77,73,-9
77,74,-10
77,75,-9
78,1,-4
78,2,6
78,3,5
78,4,6
78,5,-7
78,6,6
78,7,3
78,8,-6
78,9,5
78,10,6
78,11,6
78,12,0
78,13,4
78,14,-3
78,15,3
78,16,-4
78,17,7
78,18,2
78,19,-8
78,20,4
78,21,6
78,22,3
78,23,6
78,24,4
78,25,-3
78,26,-1
78,27,-1
78,28,-5
78,29,4
78,30,4
78,31,5
78,32,5
78,33,-1
78,34,-2
78,35,4
78,36,6
78,37,-5
78,38,-4
78,39,0
78,40,-4
78,41,3
78,42,-2
78,43,-1
78,44,-2
78,45,-6
78,46,5
78,47,-4
78,48,0
78,49,-2
78,50,4
78,51,-1
78,52,-1
78,53,-1
78,54,3
78,55,0
78,56,8
78,57,7
78,58,7
78,59,7
78,60,8
78,61,7
78,62,-3
78,63,2
78,64,5
78,65,7
78,66,-5
78,67,-7
78,68,-5
78,69,-8
78,70,1
78,71,5
78,72,-9
78,73,-9
78,74,-9
78,75,-8
79,1,5
79,2,-7
79,3,-7
79,4,-7
79,5,6
79,6,-7
79,7,-4
79,8,6
79,9,-7
79,10,-8
79,11,-7
79,12,-1
79,13,-4
79,14,4
79,15,-5
79,16,4
79,17,-8
79,18,-5
79,19,8
79,20,-4
79,21,-8
79,22,-6
79,23,-8
79,24,-5
79,25,1
79,26,0
79,27,0
79,28,5
79,29,-6
79,30,-4
79,31,-7
79,32,-6
79,33,1
79,34,2
79,35,-6
79,36,-8
79,37,5
79,38,3
79,39,0
79,40,4
79,41,-5
79,42,1
79,43,0
79,44,2
79,45,6
79,46,-7
79,47,2
79,48,-1
79,49,1
79,50,-6
79,51,-1
79,52,-2
79,53,2
79,54,-4
79,55,0
79,56,-9
79,57,-8
79,58,-9
79,59,-8
79,60,-9
79,61,-9
79,62,2
79,63,-3
79,64,-7
79,65,-8
79,66,5
79,67,6
79,68,5
79,69,8
79,70,-2
79,71,-7
79,72,9
79,73,9
79,74,9
79,75,9
80,1,5
80,2,-7
80,3,-7
80,4,-7
80,5,6
80,6,-7
80,7,-4
80,8,6
80,9,-7
80,10,-8
80,11,-7
80,12,-2
80,13,-2
80,14,3
80,15,-5
80,16,2
80,17,-8
80,18,-5
80,19,7
80,20,-4
80,21,-7
80,22,-5
80,23,-8
80,24,-5
80,25,0
80,26,0
80,27,0
80,28,4
80,29,-6
80,30,-5
80,31,-7
80,32,-6
80,33,1
80,34,1
80,35,-6
80,36,-8
80,37,5
80,38,2
80,39,0
80,40,4
80,41,-5
80,42,2
80,43,0
80,44,1
80,45,5
80,46,-7
80,47,1
80,48,0
80,49,2
80,50,-6
80,51,-1
80,52,-2
80,53,2
80,54,-5
80,55,0
80,56,-9
80,57,-8
80,58,-8
80,59,-8
80,60,-9
80,61,-9
80,62,2
80,63,-3
80,64,-7
80,65,-8
80,66,6
80,67,5
80,68,5
80,69,8
80,70,-1
80,71,-6
80,72,9
80,73,9
80,74,8
80,75,9
81,1,5
81,2,-6
81,3,-5
81,4,-7
81,5,5
81,6,-6
81,7,-4
81,8,4
81,9,-6
81,10,-7
81,11,-7
81,12,-1
81,13,-2
81,14,1
81,15,-4
81,16,1
81,17,-7
81,18,-5
81,19,6
81,20,-5
81,21,-6
81,22,-4
81,23,-7
81,24,-4
81,25,1
81,26,0
81,27,0
81,28,2
81,29,-4
81,30,-5
81,31,-6
81,32,-5
81,33,-1
81,34,-1
81,35,-4
81,36,-6
81,37,3
81,38,0
81,39,-1
81,40,2
81,41,-3
81,42,1
81,43,0
81,44,-1
81,45,4
81,46,-5
81,47,-1
81,48,0
81,49,1
81,50,-5
81,51,-1
81,52,-1
81,53,1
81,54,-5
81,55,-1
81,56,-8
81,57,-8
81,58,-7
81,59,-7
81,60,-8
81,61,-8
81,62,0
81,63,-3
81,64,-6
81,65,-8
81,66,6
81,67,5
81,68,3
81,69,7
81,70,1
81,71,-5
81,72,8
81,73,8
81,74,7
81,75,7
82,1,4
82,2,-2
82,3,-1
82,4,-5
82,5,3
82,6,-3
82,7,-3
82,8,0
82,9,-2
82,10,-3
82,11,-4
82,12,1
82,13,-1
82,14,-2
82,15,-2
82,16,0
82,17,-4
82,18,-2
82,19,1
82,20,-4
82,21,-2
82,22,-1
82,23,-4
82,24,-2
82,25,3
82,26,0
82,27,0
82,28,-2
82,29,-1
82,30,-3
82,31,-4
82,32,-3
82,33,-4
82,34,-4
82,35,0
82,36,-3
82,37,-1
82,38,-2
82,39,-2
82,40,-2
82,41,1
82,42,2
82,43,0
82,44,-3
82,45,0
82,46,-2
82,47,-1
82,48,0
82,49,1
82,50,-1
82,51,-1
82,52,1
82,53,0
82,54,-4
82,55,-1
82,56,-6
82,57,-7
82,58,-4
82,59,-5
82,60,-5
82,61,-5
82,62,-2
82,63,-1
82,64,-4
82,65,-5
82,66,5
82,67,3
82,68,1
82,69,3
82,70,3
82,71,-1
82,72,6
82,73,6
82,74,4
82,75,4
83,1,1
83,2,3
83,3,3
83,4,0
83,5,0
83,6,2
83,7,-1
83,8,-6
83,9,3
83,10,2
83,11,1
83,12,1
83,13,1
83,14,-7
83,15,1
83,16,-5
83,17,2
83,18,2
83,19,-4
83,20,-2
83,21,4
83,22,4
83,23,2
83,24,2
83,25,0
83,26,0
83,27,0
83,28,-6
83,29,5
83,30,-1
83,31,-2
83,32,2
83,33,-7
83,34,-7
83,35,6
83,36,3
83,37,-6
83,38,-6
83,39,-3
83,40,-4
83,41,6
83,42,2
83,43,0
83,44,-4
83,45,-6
83,46,4
83,47,-3
83,48,0
83,49,2
83,50,2
83,51,0
83,52,2
83,53,0
83,54,-3
83,55,-1
83,56,-1
83,57,-2
83,58,1
83,59,0
83,60,0
83,61,1
83,62,-6
83,63,-2
83,64,0
83,65,0
83,66,4
83,67,-2
83,68,-3
83,69,-2
83,70,7
83,71,5
83,72,-1
83,73,0
83,74,-3
83,75,-2
84,1,1
84,2,3
84,3,3
84,4,-1
84,5,-1
84,6,2
84,7,-2
84,8,-4
84,9,3
84,10,2
84,11,1
84,12,1
84,13,1
84,14,-5
84,15,2
84,16,-3
84,17,1
84,18,1
84,19,-4
84,20,-1
84,21,4
84,22,2
84,23,2
84,24,3
84,25,2
84,26,0
84,27,1
84,28,-5
84,29,4
84,30,1
84,31,-1
84,32,3
84,33,-6
84,34,-4
84,35,4
84,36,3
84,37,-5
84,38,-4
84,39,-2
84,40,-5
84,41,4
84,42,1
84,43,-1
84,44,-3
84,45,-4
84,46,3
84,47,-3
84,48,-2
84,49,0
84,50,3
84,51,0
84,52,1
84,53,-1
84,54,-1
84,55,-1
84,56,0
84,57,-1
84,58,2
84,59,1
84,60,0
84,61,1
84,62,-4
84,63,0
84,64,0
84,65,-1
84,66,3
84,67,-2
84,68,-3
84,69,-2
84,70,5
84,71,4
84,72,0
84,73,0
84,74,-2
84,75,-1
85,1,-2
85,2,6
85,3,4
85,4,3
85,5,-3
85,6,4
85,7,2
85,8,-7
85,9,6
85,10,6
85,11,5
85,12,3
85,13,0
85,14,-7
85,15,4
85,16,-3
85,17,5
85,18,4
85,19,-8
85,20,1
85,21,7
85,22,6
85,23,6
85,24,5
85,25,1
85,26,-1
85,27,1
85,28,-8
85,29,7
85,30,3
85,31,2
85,32,4
85,33,-7
85,34,-5
85,35,7
85,36,6
85,37,-8
85,38,-5
85,39,-4
85,40,-8
85,41,7
85,42,2
85,43,-1
85,44,-3
85,45,-8
85,46,6
85,47,-1
85,48,-2
85,49,2
85,50,7
85,51,0
85,52,2
85,53,0
85,54,1
85,55,-1
85,56,3
85,57,1
85,58,4
85,59,3
85,60,4
85,61,4
85,62,-6
85,63,0
85,64,3
85,65,3
85,66,1
85,67,-5
85,68,-4
85,69,-6
85,70,5
85,71,7
85,72,-5
85,73,-4
85,74,-6
85,75,-6
86,1,-3
86,2,7
86,3,5
86,4,4
86,5,-4
86,6,5
86,7,2
86,8,-8
86,9,7
86,10,7
86,11,6
86,12,0
86,13,1
86,14,-7
86,15,5
86,16,-5
86,17,6
86,18,4
86,19,-8
86,20,1
86,21,8
86,22,6
86,23,7
86,24,6
86,25,-1
86,26,-1
86,27,1
86,28,-7
86,29,7
86,30,4
86,31,4
86,32,6
86,33,-6
86,34,-4
86,35,7
86,36,7
86,37,-8
86,38,-5
86,39,-3
86,40,-6
86,41,7
86,42,1
86,43,-1
86,44,-2
86,45,-9
86,46,7
86,47,-2
86,48,-2
86,49,1
86,50,6
86,51,0
86,52,1
86,53,-1
86,54,2
86,55,-1
86,56,5
86,57,4
86,58,7
86,59,6
86,60,6
86,61,7
86,62,-5
86,63,0
86,64,4
86,65,4
86,66,0
86,67,-6
86,68,-5
86,69,-7
86,70,5
86,71,8
86,72,-7
86,73,-6
86,74,-8
86,75,-7
87,1,-4
87,2,8
87,3,6
87,4,4
87,5,-5
87,6,6
87,7,2
87,8,-8
87,9,8
87,10,7
87,11,6
87,12,1
87,13,0
87,14,-7
87,15,5
87,16,-5
87,17,7
87,18,5
87,19,-9
87,20,2
87,21,8
87,22,6
87,23,8
87,24,6
87,25,1
87,26,0
87,27,0
87,28,-8
87,29,8
87,30,4
87,31,5
87,32,6
87,33,-6
87,34,-5
87,35,8
87,36,8
87,37,-9
87,38,-4
87,39,-3
87,40,-8
87,41,7
87,42,1
87,43,0
87,44,-3
87,45,-9
87,46,8
87,47,-2
87,48,-1
87,49,1
87,50,7
87,51,0
87,52,2
87,53,-2
87,54,2
87,55,-1
87,56,6
87,57,4
87,58,7
87,59,6
87,60,6
87,61,7
87,62,-6
87,63,1
87,64,5
87,65,5
87,66,-1
87,67,-6
87,68,-6
87,69,-8
87,70,5
87,71,8
87,72,-7
87,73,-7
87,74,-8
87,75,-8
88,1,-4
88,2,8
88,3,7
88,4,5
88,5,-5
88,6,6
88,7,2
88,8,-9
88,9,7
88,10,8
88,11,7
88,12,2
88,13,1
88,14,-7
88,15,5
88,16,-5
88,17,7
88,18,6
88,19,-10
88,20,2
88,21,9
88,22,6
88,23,8
88,24,6
88,25,1
88,26,-1
88,27,1
88,28,-9
88,29,8
88,30,4
88,31,5
88,32,6
88,33,-7
88,34,-5
88,35,8
88,36,8
88,37,-9
88,38,-5
88,39,-3
88,40,-8
88,41,7
88,42,2
88,43,0
88,44,-3
88,45,-9
88,46,8
88,47,-2
88,48,-1
88,49,1
88,50,7
88,51,0
88,52,2
88,53,-2
88,54,3
88,55,-1
88,56,6
88,57,4
88,58,7
88,59,6
88,60,6
88,61,7
88,62,-6
88,63,2
88,64,5
88,65,6
88,66,-1
88,67,-6
88,68,-6
88,69,-8
88,70,5
88,71,8
88,72,-8
88,73,-7
88,74,-8
88,75,-8
89,1,4
89,2,-7
89,3,-8
89,4,-6
89,5,5
89,6,-6
89,7,-4
89,8,7
89,9,-7
89,10,-7
89,11,-6
89,12,-2
89,13,-3
89,14,5
89,15,-4
89,16,5
89,17,-7
89,18,-5
89,19,8
89,20,-1
89,21,-8
89,22,-6
89,23,-7
89,24,-4
89,25,-2
89,26,1
89,27,0
89,28,6
89,29,-7
89,30,-3
89,31,-6
89,32,-5
89,33,4
89,34,5
89,35,-8
89,36,-8
89,37,7
89,38,4
89,39,1
89,40,5
89,41,-7
89,42,1
89,43,0
89,44,4
89,45,6
89,46,-7
89,47,1
89,48,0
89,49,0
89,50,-6
89,51,-1
89,52,-5
89,53,3
89,54,-2
89,55,0
89,56,-6
89,57,-5
89,58,-7
89,59,-7
89,60,-7
89,61,-7
89,62,5
89,63,-1
89,64,-5
89,65,-7
89,66,4
89,67,5
89,68,7
89,69,7
89,70,-4
89,71,-7
89,72,7
89,73,7
89,74,8
89,75,7
90,1,-1
90,2,2
90,3,0
90,4,4
90,5,-4
90,6,4
90,7,2
90,8,-1
90,9,2
90,10,3
90,11,3
90,12,-1
90,13,2
90,14,1
90,15,2
90,16,0
90,17,3
90,18,-1
90,19,-3
90,20,5
90,21,1
90,22,0
90,23,2
90,24,2
90,25,-6
90,26,0
90,27,0
90,28,0
90,29,-1
90,30,4
90,31,2
90,32,2
90,33,3
90,34,4
90,35,-1
90,36,1
90,37,0
90,38,1
90,39,2
90,40,0
90,41,-3
90,42,-3
90,43,0
90,44,2
90,45,-1
90,46,1
90,47,-2
90,48,-1
90,49,-3
90,50,0
90,51,0
90,52,-6
90,53,0
90,54,4
90,55,0
90,56,5
90,57,6
90,58,4
90,59,4
90,60,5
90,61,4
90,62,2
90,63,1
90,64,3
90,65,4
90,66,-3
90,67,-4
90,68,0
90,69,-3
90,70,-2
90,71,1
90,72,-5
90,73,-5
90,74,-4
90,75,-4
91,1,-4
91,2,7
91,3,6
91,4,6
91,5,-6
91,6,6
91,7,2
91,8,-6
91,9,6
91,10,7
91,11,6
91,12,0
91,13,3
91,14,-4
91,15,4
91,16,-4
91,17,7
91,18,4
91,19,-8
91,20,4
91,21,7
91,22,4
91,23,7
91,24,5
91,25,-2
91,26,-1
91,27,0
91,28,-6
91,29,5
91,30,6
91,31,6
91,32,7
91,33,-2
91,34,-1
91,35,5
91,36,7
91,37,-5
91,38,-3
91,39,-1
91,40,-5
91,41,4
91,42,-1
91,43,-1
91,44,-2
91,45,-6
91,46,6
91,47,-3
91,48,-2
91,49,-2
91,50,5
91,51,0
91,52,0
91,53,-2
91,54,4
91,55,-1
91,56,8
91,57,7
91,58,8
91,59,7
91,60,8
91,61,7
91,62,-3
91,63,2
91,64,6
91,65,7
91,66,-4
91,67,-7
91,68,-5
91,69,-8
91,70,2
91,71,6
91,72,-9
91,73,-9
91,74,-9
91,75,-8
92,1,-1
92,2,2
92,3,1
92,4,2
92,5,-3
92,6,2
92,7,1
92,8,-3
92,9,3
92,10,3
92,11,2
92,12,1
92,13,1
92,14,-3
92,15,0
92,16,-1
92,17,2
92,18,0
92,19,-3
92,20,1
92,21,1
92,22,3
92,23,1
92,24,0
92,25,-3
92,26,-1
92,27,-1
92,28,-1
92,29,1
92,30,0
92,31,1
92,32,1
92,33,-1
92,34,1
92,35,1
92,36,1
92,37,-2
92,38,-2
92,39,0
92,40,-1
92,41,1
92,42,-3
92,43,0
92,44,-1
92,45,-3
92,46,2
92,47,-2
92,48,0
92,49,-2
92,50,1
92,51,0
92,52,-3
92,53,0
92,54,0
92,55,0
92,56,3
92,57,3
92,58,3
92,59,3
92,60,3
92,61,3
92,62,-1
92,63,0
92,64,2
92,65,3
92,66,-1
92,67,-2
92,68,-2
92,69,-3
92,70,1
92,71,2
92,72,-4
92,73,-4
92,74,-4
92,75,-4
93,1,-4
93,2,5
93,3,3
93,4,4
93,5,-4
93,6,4
93,7,2
93,8,-5
93,9,4
93,10,5
93,11,5
93,12,-3
93,13,2
93,14,-3
93,15,4
93,16,-5
93,17,5
93,18,2
93,19,-6
93,20,2
93,21,5
93,22,2
93,23,5
93,24,3
93,25,-3
93,26,0
93,27,-1
93,28,-3
93,29,3
93,30,4
93,31,5
93,32,4
93,33,-1
93,34,0
93,35,3
93,36,5
93,37,-3
93,38,-1
93,39,0
93,40,-2
93,41,2
93,42,-2
93,43,-1
93,44,-1
93,45,-5
93,46,5
93,47,-2
93,48,-1
93,49,-1
93,50,2
93,51,0
93,52,-2
93,53,-2
93,54,2
93,55,0
93,56,7
93,57,6
93,58,7
93,59,7
93,60,7
93,61,6
93,62,-1
93,63,0
93,64,5
93,65,6
93,66,-3
93,67,-6
93,68,-3
93,69,-6
93,70,2
93,71,4
93,72,-7
93,73,-7
93,74,-7
93,75,-6
94,1,-5
94,2,4
94,3,4
94,4,3
94,5,-4
94,6,4
94,7,1
94,8,-5
94,9,3
94,10,4
94,11,4
94,12,-1
94,13,2
94,14,-2
94,15,2
94,16,-3
94,17,5
94,18,4
94,19,-6
94,20,3
94,21,4
94,22,1
94,23,5
94,24,3
94,25,-2
94,26,-1
94,27,-2
94,28,-4
94,29,3
94,30,3
94,31,3
94,32,4
94,33,0
94,34,-1
94,35,3
94,36,5
94,37,-4
94,38,-2
94,39,-1
94,40,-3
94,41,2
94,42,-1
94,43,0
94,44,-2
94,45,-4
94,46,4
94,47,-3
94,48,-1
94,49,-1
94,50,3
94,51,0
94,52,0
94,53,-2
94,54,3
94,55,-1
94,56,6
94,57,5
94,58,6
94,59,6
94,60,6
94,61,6
94,62,-1
94,63,1
94,64,4
94,65,6
94,66,-3
94,67,-6
94,68,-3
94,69,-5
94,70,0
94,71,4
94,72,-7
94,73,-7
94,74,-6
94,75,-6
95,1,4
95,2,-7
95,3,-8
95,4,-6
95,5,5
95,6,-6
95,7,-4
95,8,8
95,9,-8
95,10,-8
95,11,-6
95,12,-3
95,13,-2
95,14,6
95,15,-4
95,16,4
95,17,-8
95,18,-6
95,19,8
95,20,-2
95,21,-9
95,22,-7
95,23,-8
95,24,-6
95,25,-3
95,26,1
95,27,-1
95,28,7
95,29,-8
95,30,-4
95,31,-5
95,32,-6
95,33,5
95,34,5
95,35,-9
95,36,-8
95,37,8
95,38,4
95,39,1
95,40,7
95,41,-8
95,42,0
95,43,0
95,44,3
95,45,7
95,46,-8
95,47,1
95,48,0
95,49,-1
95,50,-8
95,51,-1
95,52,-5
95,53,2
95,54,-3
95,55,0
95,56,-6
95,57,-4
95,58,-7
95,59,-7
95,60,-7
95,61,-7
95,62,6
95,63,-2
95,64,-5
95,65,-7
95,66,3
95,67,6
95,68,7
95,69,7
95,70,-4
95,71,-8
95,72,7
95,73,7
95,74,8
95,75,7
96,1,4
96,2,-6
96,3,-6
96,4,-5
96,5,4
96,6,-5
96,7,-3
96,8,6
96,9,-6
96,10,-6
96,11,-5
96,12,-2
96,13,-2
96,14,5
96,15,-3
96,16,3
96,17,-6
96,18,-4
96,19,6
96,20,-2
96,21,-7
96,22,-7
96,23,-6
96,24,-3
96,25,0
96,26,2
96,27,0
96,28,5
96,29,-6
96,30,-2
96,31,-5
96,32,-5
96,33,4
96,34,3
96,35,-7
96,36,-6
96,37,6
96,38,3
96,39,-1
96,40,4
96,41,-6
96,42,1
96,43,-1
96,44,3
96,45,5
96,46,-7
96,47,1
96,48,0
96,49,0
96,50,-5
96,51,0
96,52,-3
96,53,2
96,54,-1
96,55,0
96,56,-6
96,57,-5
96,58,-7
96,59,-6
96,60,-7
96,61,-7
96,62,5
96,63,1
96,64,-4
96,65,-6
96,66,2
96,67,4
96,68,5
96,69,6
96,70,-4
96,71,-6
96,72,6
96,73,6
96,74,7
96,75,6
97,1,5
97,2,-7
97,3,-7
97,4,-6
97,5,5
97,6,-6
97,7,-4
97,8,6
97,9,-6
97,10,-7
97,11,-6
97,12,-2
97,13,-2
97,14,4
97,15,-4
97,16,3
97,17,-7
97,18,-4
97,19,7
97,20,-3
97,21,-7
97,22,-6
97,23,-7
97,24,-4
97,25,-1
97,26,1
97,27,0
97,28,5
97,29,-6
97,30,-4
97,31,-6
97,32,-5
97,33,2
97,34,2
97,35,-6
97,36,-7
97,37,5
97,38,2
97,39,-1
97,40,4
97,41,-5
97,42,1
97,43,0
97,44,3
97,45,5
97,46,-7
97,47,1
97,48,0
97,49,0
97,50,-6
97,51,-2
97,52,-3
97,53,3
97,54,-3
97,55,0
97,56,-8
97,57,-7
97,58,-8
97,59,-7
97,60,-8
97,61,-8
97,62,3
97,63,-2
97,64,-5
97,65,-8
97,66,4
97,67,5
97,68,6
97,69,7
97,70,-2
97,71,-7
97,72,8
97,73,8
97,74,8
97,75,8
98,1,4
98,2,-7
98,3,-8
98,4,-7
98,5,6
98,6,-7
98,7,-4
98,8,7
98,9,-7
98,10,-7
98,11,-6
98,12,-1
98,13,-4
98,14,4
98,15,-4
98,16,5
98,17,-8
98,18,-4
98,19,8
98,20,-3
98,21,-8
98,22,-6
98,23,-8
98,24,-5
98,25,-1
98,26,0
98,27,0
98,28,6
98,29,-6
98,30,-4
98,31,-6
98,32,-6
98,33,3
98,34,4
98,35,-7
98,36,-8
98,37,6
98,38,4
98,39,0
98,40,4
98,41,-6
98,42,2
98,43,-1
98,44,3
98,45,6
98,46,-7
98,47,3
98,48,0
98,49,1
98,50,-5
98,51,0
98,52,-3
98,53,2
98,54,-3
98,55,0
98,56,-8
98,57,-7
98,58,-8
98,59,-8
98,60,-8
98,61,-8
98,62,3
98,63,-2
98,64,-6
98,65,-8
98,66,4
98,67,6
98,68,6
98,69,8
98,70,-3
98,71,-7
98,72,8
98,73,8
98,74,8
98,75,8
99,1,-5
99,2,8
99,3,7
99,4,6
99,5,-6
99,6,7
99,7,2
99,8,-9
99,9,8
99,10,8
99,11,7
99,12,0
99,13,2
99,14,-7
99,15,5
99,16,-5
99,17,8
99,18,5
99,19,-10
99,20,3
99,21,9
99,22,6
99,23,8
99,24,6
99,25,-1
99,26,0
99,27,0
99,28,-8
99,29,8
99,30,5
99,31,6
99,32,7
99,33,-5
99,34,-4
99,35,8
99,36,8
99,37,-8
99,38,-5
99,39,-2
99,40,-7
99,41,7
99,42,-1
99,43,-1
99,44,-3
99,45,-9
99,46,8
99,47,-3
99,48,-1
99,49,0
99,50,6
99,51,0
99,52,1
99,53,-2
99,54,3
99,55,-1
99,56,8
99,57,6
99,58,9
99,59,8
99,60,8
99,61,9
99,62,-5
99,63,1
99,64,6
99,65,7
99,66,-3
99,67,-7
99,68,-6
99,69,-9
99,70,4
99,71,8
99,72,-9
99,73,-9
99,74,-10
99,75,-9
100,1,-6
100,2,6
100,3,6
100,4,6
100,5,-6
100,6,7
100,7,2
100,8,-7
100,9,7
100,10,7
100,11,6
100,12,1
100,13,2
100,14,-4
100,15,5
100,16,-3
100,17,7
100,18,4
100,19,-8
100,20,5
100,21,7
100,22,4
100,23,7
100,24,5
100,25,-1
100,26,0
100,27,0
100,28,-6
100,29,5
100,30,5
100,31,5
100,32,6
100,33,-1
100,34,-1
100,35,5
100,36,7
100,37,-6
100,38,-2
100,39,-1
100,40,-6
100,41,4
100,42,-2
100,43,-1
100,44,-3
100,45,-6
100,46,5
100,47,-3
100,48,-2
100,49,-1
100,50,5
100,51,0
100,52,1
100,53,-2
100,54,5
100,55,-1
100,56,8
100,57,7
100,58,8
100,59,7
100,60,8
100,61,8
100,62,-3
100,63,2
100,64,5
100,65,7
100,66,-4
100,67,-8
100,68,-5
100,69,-8
100,70,1
100,71,7
100,72,-8
100,73,-9
100,74,-8
100,75,-8
101,1,-6
101,2,7
101,3,7
101,4,6
101,5,-7
101,6,7
101,7,2
101,8,-7
101,9,7
101,10,7
101,11,7
101,12,1
101,13,3
101,14,-5
101,15,5
101,16,-3
101,17,8
101,18,5
101,19,-9
101,20,4
101,21,8
101,22,4
101,23,8
101,24,6
101,25,0
101,26,0
101,27,0
101,28,-7
101,29,6
101,30,5
101,31,6
101,32,6
101,33,-3
101,34,-3
101,35,6
101,36,8
101,37,-7
101,38,-4
101,39,-1
101,40,-7
101,41,5
101,42,-2
101,43,-1
101,44,-4
101,45,-6
101,46,6
101,47,-4
101,48,-1
101,49,-1
101,50,6
101,51,-1
101,52,2
101,53,-2
101,54,4
101,55,-1
101,56,8
101,57,7
101,58,8
101,59,7
101,60,8
101,61,8
101,62,-4
101,63,3
101,64,6
101,65,7
101,66,-5
101,67,-7
101,68,-6
101,69,-9
101,70,2
101,71,7
101,72,-9
101,73,-9
101,74,-9
101,75,-9
102,1,-4
102,2,7
102,3,5
102,4,6
102,5,-6
102,6,6
102,7,2
102,8,-6
102,9,6
102,10,7
102,11,7
102,12,-1
102,13,2
102,14,-4
102,15,5
102,16,-4
102,17,7
102,18,3
102,19,-8
102,20,4
102,21,6
102,22,4
102,23,6
102,24,4
102,25,-4
102,26,-1
102,27,0
102,28,-4
102,29,4
102,30,5
102,31,5
102,32,6
102,33,-2
102,34,0
102,35,4
102,36,6
102,37,-5
102,38,-2
102,39,0
102,40,-4
102,41,3
102,42,-2
102,43,-1
102,44,-1
102,45,-6
102,46,6
102,47,-2
102,48,-2
102,49,-3
102,50,3
102,51,1
102,52,-3
102,53,-2
102,54,4
102,55,0
102,56,7
102,57,7
102,58,8
102,59,8
102,60,8
102,61,7
102,62,-3
102,63,0
102,64,5
102,65,7
102,66,-4
102,67,-7
102,68,-4
102,69,-7
102,70,2
102,71,5
102,72,-8
102,73,-8
102,74,-9
102,75,-8
103,1,-5
103,2,7
103,3,6
103,4,6
103,5,-7
103,6,7
103,7,2
103,8,-7
103,9,7
103,10,7
103,11,7
103,12,0
103,13,3
103,14,-5
103,15,4
103,16,-5
103,17,7
103,18,4
103,19,-9
103,20,3
103,21,7
103,22,4
103,23,7
103,24,5
103,25,-3
103,26,0
103,27,-1
103,28,-6
103,29,5
103,30,5
103,31,6
103,32,6
103,33,-2
103,34,-1
103,35,5
103,36,7
103,37,-6
103,38,-3
103,39,-1
103,40,-5
103,41,4
103,42,-2
103,43,-1
103,44,-3
103,45,-7
103,46,7
103,47,-3
103,48,-1
103,49,-1
103,50,4
103,51,0
103,52,-1
103,53,-2
103,54,3
103,55,-1
103,56,9
103,57,8
103,58,9
103,59,8
103,60,9
103,61,9
103,62,-3
103,63,1
103,64,6
103,65,7
103,66,-3
103,67,-8
103,68,-5
103,69,-8
103,70,2
103,71,7
103,72,-9
103,73,-9
103,74,-9
103,75,-9
104,1,-5
104,2,8
104,3,7
104,4,6
104,5,-6
104,6,7
104,7,2
104,8,-9
104,9,8
104,10,8
104,11,7
104,12,0
104,13,2
104,14,-7
104,15,5
104,16,-6
104,17,8
104,18,5
104,19,-10
104,20,2
104,21,9
104,22,6
104,23,8
104,24,6
104,25,-1
104,26,0
104,27,0
104,28,-8
104,29,8
104,30,4
104,31,6
104,32,7
104,33,-5
104,34,-5
104,35,8
104,36,8
104,37,-8
104,38,-5
104,39,-2
104,40,-7
104,41,7
104,42,-1
104,43,-1
104,44,-4
104,45,-9
104,46,8
104,47,-3
104,48,-1
104,49,0
104,50,6
104,51,0
104,52,1
104,53,-3
104,54,2
104,55,-1
104,56,8
104,57,6
104,58,9
104,59,8
104,60,8
104,61,8
104,62,-5
104,63,1
104,64,6
104,65,7
104,66,-2
104,67,-7
104,68,-6
104,69,-9
104,70,5
104,71,8
104,72,-9
104,73,-9
104,74,-10
104,75,-9
105,1,-5
105,2,8
105,3,7
105,4,6
105,5,-6
105,6,7
105,7,2
105,8,-9
105,9,8
105,10,8
105,11,7
105,12,1
105,13,1
105,14,-8
105,15,5
105,16,-6
105,17,8
105,18,6
105,19,-10
105,20,2
105,21,9
105,22,7
105,23,8
105,24,6
105,25,0
105,26,-1
105,27,0
105,28,-9
105,29,8
105,30,4
105,31,5
105,32,6
105,33,-6
105,34,-5
105,35,9
105,36,8
105,37,-9
105,38,-5
105,39,-3
105,40,-7
105,41,8
105,42,0
105,43,-1
105,44,-4
105,45,-10
105,46,8
105,47,-2
105,48,-1
105,49,0
105,50,7
105,51,0
105,52,2
105,53,-3
105,54,2
105,55,-1
105,56,7
105,57,5
105,58,8
105,59,7
105,60,8
105,61,8
105,62,-6
105,63,1
105,64,6
105,65,6
105,66,-2
105,67,-7
105,68,-6
105,69,-9
105,70,4
105,71,9
105,72,-9
105,73,-8
105,74,-10
105,75,-9
106,1,-5
106,2,8
106,3,7
106,4,6
106,5,-6
106,6,7
106,7,2
106,8,-9
106,9,8
106,10,8
106,11,7
106,12,1
106,13,1
106,14,-8
106,15,5
106,16,-6
106,17,8
106,18,6
106,19,-10
106,20,2
106,21,9
106,22,7
106,23,8
106,24,6
106,25,1
106,26,-1
106,27,0
106,28,-9
106,29,8
106,30,4
106,31,6
106,32,6
106,33,-6
106,34,-5
106,35,9
106,36,9
106,37,-9
106,38,-5
106,39,-3
106,40,-7
106,41,8
106,42,0
106,43,-1
106,44,-4
106,45,-9
106,46,8
106,47,-2
106,48,-1
106,49,0
106,50,7
106,51,0
106,52,3
106,53,-3
106,54,2
106,55,-1
106,56,7
106,57,5
106,58,8
106,59,7
106,60,8
106,61,8
106,62,-6
106,63,1
106,64,6
106,65,7
106,66,-3
106,67,-7
106,68,-7
106,69,-9
106,70,4
106,71,9
106,72,-9
106,73,-9
106,74,-10
106,75,-9
107,1,-5
107,2,8
107,3,7
107,4,6
107,5,-6
107,6,7
107,7,2
107,8,-9
107,9,8
107,10,8
107,11,7
107,12,1
107,13,2
107,14,-7
107,15,5
107,16,-5
107,17,8
107,18,5
107,19,-10
107,20,3
107,21,9
107,22,6
107,23,9
107,24,6
107,25,0
107,26,0
107,27,0
107,28,-8
107,29,8
107,30,4
107,31,6
107,32,7
107,33,-5
107,34,-4
107,35,8
107,36,9
107,37,-8
107,38,-5
107,39,-3
107,40,-7
107,41,7
107,42,-1
107,43,-1
107,44,-3
107,45,-9
107,46,8
107,47,-3
107,48,-1
107,49,0
107,50,7
107,51,0
107,52,2
107,53,-3
107,54,3
107,55,-1
107,56,8
107,57,6
107,58,8
107,59,7
107,60,8
107,61,8
107,62,-5
107,63,2
107,64,6
107,65,7
107,66,-3
107,67,-7
107,68,-6
107,69,-9
107,70,4
107,71,8
107,72,-9
107,73,-9
107,74,-10
107,75,-10
108,1,0
108,2,2
108,3,0
108,4,-1
108,5,1
108,6,1
108,7,-1
108,8,-3
108,9,2
108,10,1
108,11,2
108,12,-1
108,13,1
108,14,-3
108,15,1
108,16,-3
108,17,1
108,18,2
108,19,-2
108,20,0
108,21,2
108,22,2
108,23,2
108,24,4
108,25,-1
108,26,2
108,27,0
108,28,-3
108,29,3
108,30,1
108,31,0
108,32,2
108,33,-3
108,34,-3
108,35,3
108,36,2
108,37,-3
108,38,-4
108,39,-4
108,40,-2
108,41,3
108,42,0
108,43,0
108,44,0
108,45,-5
108,46,3
108,47,-2
108,48,-2
108,49,1
108,50,2
108,51,0
108,52,0
108,53,1
108,54,0
108,55,-1
108,56,1
108,57,-1
108,58,1
108,59,0
108,60,1
108,61,1
108,62,0
108,63,0
108,64,3
108,65,-1
108,66,2
108,67,-1
108,68,-1
108,69,-1
108,70,2
108,71,3
108,72,-1
108,73,-1
108,74,-1
108,75,-2
109,1,5
109,2,-6
109,3,-6
109,4,-6
109,5,5
109,6,-5
109,7,-2
109,8,5
109,9,-5
109,10,-7
109,11,-5
109,12,-2
109,13,-1
109,14,3
109,15,-3
109,16,2
109,17,-6
109,18,-4
109,19,6
109,20,-3
109,21,-7
109,22,-5
109,23,-7
109,24,-4
109,25,0
109,26,2
109,27,1
109,28,4
109,29,-5
109,30,-3
109,31,-5
109,32,-5
109,33,1
109,34,1
109,35,-6
109,36,-6
109,37,5
109,38,0
109,39,-1
109,40,4
109,41,-5
109,42,1
109,43,0
109,44,3
109,45,4
109,46,-6
109,47,0
109,48,0
109,49,0
109,50,-5
109,51,-1
109,52,-2
109,53,3
109,54,-2
109,55,0
109,56,-7
109,57,-7
109,58,-8
109,59,-7
109,60,-7
109,61,-7
109,62,3
109,63,0
109,64,-5
109,65,-8
109,66,4
109,67,5
109,68,5
109,69,6
109,70,-2
109,71,-6
109,72,7
109,73,7
109,74,7
109,75,7
110,1,5
110,2,-7
110,3,-6
110,4,-6
110,5,5
110,6,-7
110,7,-4
110,8,6
110,9,-7
110,10,-7
110,11,-6
110,12,-2
110,13,-2
110,14,4
110,15,-4
110,16,4
110,17,-7
110,18,-6
110,19,7
110,20,-3
110,21,-7
110,22,-6
110,23,-7
110,24,-4
110,25,0
110,26,0
110,27,0
110,28,5
110,29,-6
110,30,-4
110,31,-5
110,32,-6
110,33,2
110,34,2
110,35,-7
110,36,-7
110,37,6
110,38,2
110,39,-1
110,40,4
110,41,-6
110,42,0
110,43,0
110,44,2
110,45,6
110,46,-7
110,47,1
110,48,0
110,49,-2
110,50,-6
110,51,-1
110,52,-2
110,53,1
110,54,-3
110,55,0
110,56,-8
110,57,-7
110,58,-8
110,59,-8
110,60,-8
110,61,-8
110,62,3
110,63,-2
110,64,-5
110,65,-8
110,66,2
110,67,5
110,68,4
110,69,6
110,70,-3
110,71,-7
110,72,8
110,73,8
110,74,8
110,75,7
111,1,1
111,2,-4
111,3,-4
111,4,-2
111,5,1
111,6,-2
111,7,-1
111,8,4
111,9,-3
111,10,-4
111,11,-2
111,12,-4
111,13,1
111,14,4
111,15,-1
111,16,1
111,17,-2
111,18,-3
111,19,4
111,20,1
111,21,-5
111,22,-5
111,23,-4
111,24,-3
111,25,-3
111,26,0
111,27,-2
111,28,5
111,29,-5
111,30,-2
111,31,-2
111,32,-3
111,33,5
111,34,3
111,35,-6
111,36,-5
111,37,5
111,38,1
111,39,1
111,40,5
111,41,-5
111,42,-2
111,43,-1
111,44,2
111,45,4
111,46,-5
111,47,-2
111,48,1
111,49,0
111,50,-5
111,51,-1
111,52,-3
111,53,1
111,54,0
111,55,0
111,56,-1
111,57,0
111,58,-3
111,59,-2
111,60,-2
111,61,-2
111,62,4
111,63,1
111,64,0
111,65,-2
111,66,0
111,67,2
111,68,4
111,69,3
111,70,-4
111,71,-5
111,72,2
111,73,2
111,74,3
111,75,3
112,1,2
112,2,-5
112,3,-3
112,4,-3
112,5,2
112,6,-2
112,7,-2
112,8,2
112,9,-3
112,10,-4
112,11,-3
112,12,-2
112,13,2
112,14,3
112,15,-1
112,16,2
112,17,-2
112,18,-1
112,19,4
112,20,1
112,21,-4
112,22,-4
112,23,-4
112,24,-1
112,25,-1
112,26,1
112,27,-1
112,28,3
112,29,-4
112,30,-1
112,31,-4
112,32,-2
112,33,3
112,34,3
112,35,-4
112,36,-4
112,37,4
112,38,0
112,39,2
112,40,4
112,41,-4
112,42,-1
112,43,0
112,44,1
112,45,3
112,46,-5
112,47,-3
112,48,-1
112,49,2
112,50,-4
112,51,0
112,52,-1
112,53,3
112,54,1
112,55,0
112,56,-3
112,57,-2
112,58,-3
112,59,-3
112,60,-3
112,61,-3
112,62,2
112,63,0
112,64,-2
112,65,-3
112,66,2
112,67,2
112,68,2
112,69,4
112,70,-3
112,71,-4
112,72,3
112,73,3
112,74,4
112,75,4
113,1,0
113,2,1
113,3,1
113,4,2
113,5,-3
113,6,4
113,7,-1
113,8,-3
113,9,3
113,10,2
113,11,3
113,12,-1
113,13,3
113,14,-1
113,15,3
113,16,-1
113,17,3
113,18,1
113,19,-2
113,20,4
113,21,2
113,22,1
113,23,2
113,24,2
113,25,-2
113,26,0
113,27,-1
113,28,-1
113,29,1
113,30,2
113,31,0
113,32,2
113,33,1
113,34,1
113,35,0
113,36,2
113,37,-1
113,38,-2
113,39,2
113,40,0
113,41,0
113,42,-2
113,43,-1
113,44,-1
113,45,-1
113,46,0
113,47,-4
113,48,-2
113,49,2
113,50,0
113,51,0
113,52,-1
113,53,1
113,54,4
113,55,-1
113,56,3
113,57,4
113,58,3
113,59,3
113,60,3
113,61,2
113,62,-1
113,63,0
113,64,2
113,65,2
113,66,-2
113,67,-4
113,68,-3
113,69,-2
113,70,-1
113,71,2
113,72,-3
113,73,-4
113,74,-3
113,75,-2
